game_id,date,home_team,away_team,home_score,away_score,outcome,home_fg_made,home_fg_attempted,home_3pt_made,home_3pt_attempted,home_ft_made,home_ft_attempted,home_rebounds,home_assists,home_turnovers,away_fg_made,away_fg_attempted,away_3pt_made,away_3pt_attempted,away_ft_made,away_ft_attempted,away_rebounds,away_assists,away_turnovers,home_win_streak,away_win_streak,home_pts_scored_ma3,home_pts_allowed_ma3,home_win_pct_ma3,home_pts_scored_ma5,home_pts_allowed_ma5,home_win_pct_ma5,home_pts_scored_ma10,home_pts_allowed_ma10,home_win_pct_ma10,away_pts_scored_ma3,away_pts_allowed_ma3,away_win_pct_ma3,away_pts_scored_ma5,away_pts_allowed_ma5,away_win_pct_ma5,away_pts_scored_ma10,away_pts_allowed_ma10,away_win_pct_ma10,team_pairing,home_h2h_win_rate,away_h2h_win_rate,home_point_diff,away_point_diff,home_off_efficiency,away_off_efficiency,home_game_num,away_game_num,home_season_progress,away_season_progress
1,2024-03-24,76ers,Rockets,85,89,away_win,16,37,9,23,17,22,48,21,13,16,33,9,22,17,23,47,22,15,-1.0,1.0,85.0,89.0,0.0,85.0,89.0,0.0,85.0,89.0,0.0,89.0,85.0,1.0,89.0,85.0,1.0,89.0,85.0,1.0,76ers_vs_Rockets,0.0,1.0,-4,4,229.72972972972974,269.6969696969697,1.0,1.0,0.05555555555555555,0.05555555555555555
2,2024-03-27,Nuggets,Jazz,91,71,home_win,17,32,9,24,18,25,45,19,15,13,26,7,20,14,16,47,18,14,1.0,-1.0,91.0,71.0,1.0,91.0,71.0,1.0,91.0,71.0,1.0,71.0,91.0,0.0,71.0,91.0,0.0,71.0,91.0,0.0,Jazz_vs_Nuggets,1.0,0.0,20,-20,284.375,273.0769230769231,1.0,1.0,0.05555555555555555,0.05555555555555555
3,2024-03-31,Jazz,Nets,93,64,home_win,17,42,9,24,18,22,39,28,16,12,28,6,15,12,16,47,20,15,1.0,-1.0,82.0,77.5,0.5,82.0,77.5,0.5,82.0,77.5,0.5,64.0,93.0,0.0,64.0,93.0,0.0,64.0,93.0,0.0,Jazz_vs_Nets,1.0,0.0,29,-29,221.42857142857144,228.57142857142856,2.0,1.0,0.1111111111111111,0.05555555555555555
4,2024-04-04,Jazz,Trail Blazers,100,71,home_win,19,38,10,27,20,25,39,24,13,13,25,7,18,14,19,48,23,16,2.0,-1.0,88.0,75.33333333333333,0.6666666666666666,88.0,75.33333333333333,0.6666666666666666,88.0,75.33333333333333,0.6666666666666666,71.0,100.0,0.0,71.0,100.0,0.0,71.0,100.0,0.0,Jazz_vs_Trail Blazers,1.0,0.0,29,-29,263.15789473684214,284.0,3.0,1.0,0.16666666666666666,0.05555555555555555
5,2024-04-05,Celtics,Nuggets,67,71,away_win,12,24,7,17,13,18,49,27,11,13,24,7,18,14,17,44,28,18,-1.0,2.0,67.0,71.0,0.0,67.0,71.0,0.0,67.0,71.0,0.0,81.0,69.0,1.0,81.0,69.0,1.0,81.0,69.0,1.0,Celtics_vs_Nuggets,0.0,1.0,-4,4,279.16666666666663,295.83333333333337,1.0,2.0,0.05555555555555555,0.1111111111111111
6,2024-04-06,Jazz,Nuggets,96,124,away_win,18,34,10,25,19,22,40,22,20,23,46,13,32,24,31,42,24,8,-1.0,3.0,96.33333333333333,86.33333333333333,0.6666666666666666,90.0,87.5,0.5,90.0,87.5,0.5,95.33333333333333,78.0,1.0,95.33333333333333,78.0,1.0,95.33333333333333,78.0,1.0,Jazz_vs_Nuggets,0.0,1.0,-28,28,282.3529411764706,269.5652173913044,4.0,3.0,0.2222222222222222,0.16666666666666666
7,2024-04-06,Jazz,Nets,83,82,home_win,15,27,8,19,16,21,43,30,11,15,32,8,23,16,19,41,22,12,1.0,-2.0,93.0,92.33333333333333,0.6666666666666666,88.6,86.4,0.6,88.6,86.4,0.6,73.0,88.0,0.0,73.0,88.0,0.0,73.0,88.0,0.0,Jazz_vs_Nets,1.0,0.0,1,-1,307.4074074074074,256.25,5.0,2.0,0.2777777777777778,0.1111111111111111
8,2024-04-12,Thunder,76ers,71,56,home_win,13,25,7,20,14,17,37,21,13,10,20,5,12,11,14,53,18,19,1.0,-2.0,71.0,56.0,1.0,71.0,56.0,1.0,71.0,56.0,1.0,70.5,80.0,0.0,70.5,80.0,0.0,70.5,80.0,0.0,76ers_vs_Thunder,1.0,0.0,15,-15,284.0,280.0,1.0,2.0,0.05555555555555555,0.1111111111111111
9,2024-04-12,Nuggets,Thunder,82,72,home_win,15,31,8,20,16,19,49,26,14,13,25,7,16,14,16,46,31,13,4.0,-1.0,92.33333333333333,78.33333333333333,1.0,92.0,76.5,1.0,92.0,76.5,1.0,71.5,69.0,0.5,71.5,69.0,0.5,71.5,69.0,0.5,Nuggets_vs_Thunder,1.0,0.0,10,-10,264.51612903225805,288.0,4.0,2.0,0.2222222222222222,0.1111111111111111
10,2024-04-13,Nuggets,Rockets,75,67,home_win,14,34,8,22,15,19,37,31,15,12,24,7,18,13,16,39,23,13,5.0,-1.0,93.66666666666667,78.33333333333333,1.0,88.6,74.6,1.0,88.6,74.6,1.0,78.0,80.0,0.5,78.0,80.0,0.5,78.0,80.0,0.5,Nuggets_vs_Rockets,1.0,0.0,8,-8,220.58823529411765,279.16666666666663,5.0,2.0,0.2777777777777778,0.1111111111111111
12,2024-04-19,Rockets,Celtics,91,73,home_win,17,33,9,24,18,25,36,31,14,13,27,7,21,14,17,45,25,14,1.0,-2.0,82.33333333333333,77.66666666666667,0.6666666666666666,82.33333333333333,77.66666666666667,0.6666666666666666,82.33333333333333,77.66666666666667,0.6666666666666666,70.0,81.0,0.0,70.0,81.0,0.0,70.0,81.0,0.0,Celtics_vs_Rockets,1.0,0.0,18,-18,275.75757575757575,270.3703703703704,3.0,2.0,0.16666666666666666,0.1111111111111111
11,2024-04-19,76ers,Nuggets,88,85,home_win,16,29,9,25,17,22,42,27,17,16,34,9,22,17,20,49,27,14,1.0,-1.0,76.33333333333333,81.66666666666667,0.3333333333333333,76.33333333333333,81.66666666666667,0.3333333333333333,76.33333333333333,81.66666666666667,0.3333333333333333,80.66666666666667,75.66666666666667,0.6666666666666666,87.4,78.0,0.8,88.0,76.83333333333333,0.8333333333333334,76ers_vs_Nuggets,1.0,0.0,3,-3,303.44827586206895,250.0,3.0,6.0,0.16666666666666666,0.3333333333333333
13,2024-04-20,Jazz,Raptors,90,85,home_win,17,39,9,22,18,24,35,23,18,16,32,9,22,17,20,49,31,11,2.0,-1.0,89.66666666666667,97.0,0.6666666666666666,92.4,85.2,0.8,88.83333333333333,86.16666666666667,0.6666666666666666,85.0,90.0,0.0,85.0,90.0,0.0,85.0,90.0,0.0,Jazz_vs_Raptors,1.0,0.0,5,-5,230.76923076923075,265.625,6.0,1.0,0.3333333333333333,0.05555555555555555
14,2024-04-24,Raptors,Thunder,122,68,home_win,23,44,13,32,24,32,39,13,8,12,22,7,18,13,17,43,28,15,1.0,-2.0,103.5,79.0,0.5,103.5,79.0,0.5,103.5,79.0,0.5,70.33333333333333,86.66666666666667,0.3333333333333333,70.33333333333333,86.66666666666667,0.3333333333333333,70.33333333333333,86.66666666666667,0.3333333333333333,Raptors_vs_Thunder,1.0,0.0,54,-54,277.2727272727273,309.09090909090907,2.0,3.0,0.1111111111111111,0.16666666666666666
15,2024-04-26,Bucks,Celtics,51,63,away_win,9,16,5,13,10,11,43,22,15,11,21,6,15,12,14,40,21,10,-1.0,1.0,51.0,63.0,0.0,51.0,63.0,0.0,51.0,63.0,0.0,67.66666666666667,71.0,0.3333333333333333,67.66666666666667,71.0,0.3333333333333333,67.66666666666667,71.0,0.3333333333333333,Bucks_vs_Celtics,0.0,1.0,-12,12,318.75,300.0,1.0,3.0,0.05555555555555555,0.16666666666666666
16,2024-04-26,Nuggets,Jazz,102,68,home_win,19,43,10,30,20,26,44,22,13,12,28,7,16,13,16,49,19,18,1.0,-1.0,87.33333333333333,74.33333333333333,0.6666666666666666,93.6,78.2,0.8,90.0,75.57142857142857,0.8571428571428571,80.33333333333333,89.66666666666667,0.6666666666666666,87.4,92.8,0.6,85.85714285714286,88.42857142857143,0.5714285714285714,Jazz_vs_Nuggets,1.0,0.0,34,-34,237.2093023255814,242.85714285714283,7.0,7.0,0.3888888888888889,0.3888888888888889
17,2024-04-27,Thunder,Raptors,69,93,away_win,13,27,7,17,13,16,37,21,11,17,33,9,23,18,22,40,20,11,-3.0,2.0,69.66666666666667,99.0,0.0,70.0,88.25,0.25,70.0,88.25,0.25,100.0,75.66666666666667,0.6666666666666666,100.0,75.66666666666667,0.6666666666666666,100.0,75.66666666666667,0.6666666666666666,Raptors_vs_Thunder,0.0,1.0,-24,24,255.55555555555554,281.8181818181818,4.0,3.0,0.2222222222222222,0.16666666666666666
18,2024-05-02,Jazz,76ers,91,94,away_win,17,32,9,23,18,23,51,22,8,17,35,10,24,18,24,48,22,18,-2.0,2.0,83.0,93.66666666666667,0.3333333333333333,85.6,97.4,0.4,86.5,89.125,0.5,79.33333333333333,82.33333333333333,0.6666666666666666,80.75,84.0,0.5,80.75,84.0,0.5,76ers_vs_Jazz,0.0,1.0,-3,3,284.375,268.57142857142856,8.0,4.0,0.4444444444444444,0.2222222222222222
19,2024-05-02,Nets,Jazz,79,63,home_win,15,29,8,21,15,18,44,19,8,11,21,6,14,12,16,41,21,16,1.0,-3.0,75.0,79.66666666666667,0.3333333333333333,75.0,79.66666666666667,0.3333333333333333,75.0,79.66666666666667,0.3333333333333333,74.0,91.66666666666667,0.0,79.0,88.4,0.4,83.88888888888889,88.0,0.4444444444444444,Jazz_vs_Nets,0.33333333333333337,0.6666666666666666,16,-16,272.41379310344826,300.0,3.0,9.0,0.16666666666666666,0.5
20,2024-05-03,Celtics,Nuggets,79,90,away_win,15,27,8,23,15,19,44,15,10,17,34,9,22,18,23,41,26,10,-1.0,2.0,71.66666666666667,77.33333333333333,0.3333333333333333,70.5,75.75,0.25,70.5,75.75,0.25,92.33333333333333,78.33333333333333,0.6666666666666666,86.8,74.8,0.8,90.0,76.0,0.875,Celtics_vs_Nuggets,0.0,1.0,-11,11,292.5925925925926,264.70588235294116,4.0,8.0,0.2222222222222222,0.4444444444444444
21,2024-05-05,Celtics,Raptors,88,92,away_win,16,31,9,26,17,22,40,27,14,17,39,9,25,18,22,33,20,16,-2.0,3.0,76.66666666666667,77.66666666666667,0.3333333333333333,74.0,79.0,0.2,74.0,79.0,0.2,102.33333333333333,75.0,1.0,98.0,78.75,0.75,98.0,78.75,0.75,Celtics_vs_Raptors,0.0,1.0,-4,4,283.8709677419355,235.8974358974359,5.0,4.0,0.2777777777777778,0.2222222222222222
22,2024-05-05,Trail Blazers,Jazz,65,78,away_win,12,26,6,14,13,16,39,33,12,14,33,8,21,15,18,43,28,18,-2.0,1.0,68.0,89.0,0.0,68.0,89.0,0.0,68.0,89.0,0.0,77.33333333333333,79.33333333333333,0.3333333333333333,78.0,85.0,0.4,83.3,85.7,0.5,Jazz_vs_Trail Blazers,0.0,1.0,-13,13,250.0,236.36363636363637,2.0,10.0,0.1111111111111111,0.5555555555555556
23,2024-05-06,Rockets,Bucks,69,62,home_win,13,31,7,20,13,17,44,25,13,11,26,6,17,12,16,39,23,11,2.0,-2.0,75.66666666666667,70.0,0.6666666666666666,79.0,73.75,0.75,79.0,73.75,0.75,56.5,66.0,0.0,56.5,66.0,0.0,56.5,66.0,0.0,Bucks_vs_Rockets,1.0,0.0,7,-7,222.5806451612903,238.46153846153845,4.0,2.0,0.2222222222222222,0.1111111111111111
24,2024-05-09,Nets,Rockets,101,101,away_win,19,42,10,29,20,26,41,17,10,19,36,10,28,20,25,42,27,14,-1.0,3.0,87.33333333333333,82.33333333333333,0.3333333333333333,81.5,85.0,0.25,81.5,85.0,0.25,87.0,78.66666666666667,1.0,83.4,79.2,0.8,83.4,79.2,0.8,Nets_vs_Rockets,0.0,1.0,0,0,240.47619047619045,280.55555555555554,4.0,5.0,0.2222222222222222,0.2777777777777778
25,2024-05-10,Rockets,Nets,79,82,away_win,15,29,8,21,15,19,44,25,13,15,29,8,21,16,21,44,30,14,-1.0,1.0,83.0,81.66666666666667,0.6666666666666666,81.4,78.6,0.6,82.66666666666667,79.66666666666667,0.6666666666666666,87.33333333333333,81.0,0.6666666666666666,81.6,83.8,0.4,81.6,83.8,0.4,Nets_vs_Rockets,0.5,0.5,-3,3,272.41379310344826,282.7586206896552,6.0,5.0,0.3333333333333333,0.2777777777777778
26,2024-05-11,Celtics,Rockets,86,67,home_win,16,29,9,23,17,22,45,14,8,12,26,7,18,13,16,48,30,16,1.0,-2.0,84.33333333333333,83.0,0.3333333333333333,77.8,78.2,0.4,76.0,77.0,0.3333333333333333,82.33333333333333,89.66666666666667,0.3333333333333333,81.4,80.8,0.6,80.42857142857143,80.57142857142857,0.5714285714285714,Celtics_vs_Rockets,0.5,0.5,19,-19,296.55172413793105,257.69230769230774,6.0,7.0,0.3333333333333333,0.3888888888888889
27,2024-05-12,Rockets,Bucks,68,69,away_win,12,28,7,18,13,15,41,27,14,13,25,7,18,13,15,39,20,12,-3.0,1.0,71.33333333333333,79.0,0.0,76.8,80.0,0.4,78.875,79.125,0.5,60.666666666666664,66.66666666666667,0.3333333333333333,60.666666666666664,66.66666666666667,0.3333333333333333,60.666666666666664,66.66666666666667,0.3333333333333333,Bucks_vs_Rockets,0.5,0.5,-1,1,242.85714285714283,276.0,8.0,3.0,0.4444444444444444,0.16666666666666666
28,2024-05-13,Nuggets,Trail Blazers,109,63,home_win,20,42,11,29,21,25,50,26,10,11,22,6,16,12,17,53,30,11,3.0,-3.0,100.33333333333333,70.0,1.0,92.2,73.0,0.8,92.11111111111111,74.55555555555556,0.8888888888888888,66.33333333333333,95.66666666666667,0.0,66.33333333333333,95.66666666666667,0.0,66.33333333333333,95.66666666666667,0.0,Nuggets_vs_Trail Blazers,1.0,0.0,46,-46,259.5238095238095,286.3636363636364,9.0,3.0,0.5,0.16666666666666666
29,2024-05-13,Nets,Rockets,91,90,home_win,17,37,9,27,18,21,42,22,12,17,41,9,27,18,21,41,22,16,2.0,-4.0,91.33333333333333,90.0,0.6666666666666666,87.0,83.2,0.6,83.16666666666667,84.83333333333333,0.5,75.0,82.0,0.0,81.0,85.8,0.2,80.11111111111111,80.44444444444444,0.4444444444444444,Nets_vs_Rockets,0.6666666666666666,0.33333333333333337,1,-1,245.94594594594597,219.51219512195124,6.0,9.0,0.3333333333333333,0.5
30,2024-05-14,Thunder,Celtics,55,54,home_win,10,20,5,14,11,13,42,23,5,10,18,5,14,10,13,36,22,13,1.0,-1.0,64.0,89.66666666666667,0.3333333333333333,67.0,81.4,0.4,67.0,81.4,0.4,76.0,71.33333333333333,0.3333333333333333,74.0,71.0,0.4,72.85714285714286,73.85714285714286,0.2857142857142857,Celtics_vs_Thunder,1.0,0.0,1,-1,275.0,300.0,5.0,7.0,0.2777777777777778,0.3888888888888889
31,2024-05-14,Nuggets,Rockets,87,82,home_win,16,34,9,22,17,23,39,29,12,15,31,8,21,16,21,35,22,7,4.0,-5.0,95.33333333333333,74.66666666666667,1.0,94.6,76.0,0.8,91.6,75.3,0.9,80.0,82.33333333333333,0.0,77.2,83.0,0.0,80.3,81.1,0.4,Nuggets_vs_Rockets,1.0,0.0,5,-5,255.88235294117646,264.51612903225805,10.0,10.0,0.5555555555555556,0.5555555555555556
32,2024-05-15,Nuggets,Raptors,63,133,away_win,11,23,6,18,12,16,46,29,13,25,48,14,39,26,31,42,24,17,-1.0,4.0,86.33333333333333,92.66666666666667,0.6666666666666666,90.2,85.0,0.8,88.8,81.5,0.8,106.0,73.33333333333333,1.0,105.0,75.6,0.8,105.0,75.6,0.8,Nuggets_vs_Raptors,0.0,1.0,-70,70,273.9130434782609,277.08333333333337,11.0,5.0,0.6111111111111112,0.2777777777777778
33,2024-05-16,Nuggets,Bucks,75,61,home_win,14,28,8,24,15,18,42,19,15,11,25,6,17,12,14,49,26,13,1.0,-1.0,75.0,92.0,0.6666666666666666,84.8,83.6,0.8,89.2,80.9,0.8,64.0,70.66666666666667,0.3333333333333333,60.75,68.75,0.25,60.75,68.75,0.25,Bucks_vs_Nuggets,1.0,0.0,14,-14,267.85714285714283,244.0,12.0,4.0,0.6666666666666666,0.2222222222222222
34,2024-05-20,Celtics,Nuggets,58,99,away_win,11,20,6,16,11,14,47,28,8,18,34,10,28,19,24,36,15,12,-2.0,2.0,66.0,73.66666666666667,0.3333333333333333,73.0,80.6,0.2,71.0,77.0,0.25,79.0,84.0,0.6666666666666666,86.6,79.4,0.8,86.7,77.1,0.8,Celtics_vs_Nuggets,0.0,1.0,-41,41,290.0,291.1764705882353,8.0,13.0,0.4444444444444444,0.7222222222222222
35,2024-05-23,Trail Blazers,Thunder,77,47,home_win,14,29,8,20,15,20,38,25,16,8,15,5,13,9,11,42,26,15,1.0,-1.0,68.33333333333333,78.0,0.3333333333333333,69.0,83.5,0.25,69.0,83.5,0.25,57.0,74.66666666666667,0.3333333333333333,62.2,85.6,0.2,63.666666666666664,80.66666666666667,0.3333333333333333,Thunder_vs_Trail Blazers,1.0,0.0,30,-30,265.51724137931035,313.3333333333333,4.0,6.0,0.2222222222222222,0.3333333333333333
36,2024-05-23,76ers,Trail Blazers,73,80,away_win,13,32,7,17,14,17,38,23,15,15,35,8,19,16,20,46,27,6,-1.0,2.0,85.0,85.33333333333333,0.6666666666666666,79.2,83.2,0.4,79.2,83.2,0.4,73.33333333333333,76.33333333333333,0.6666666666666666,71.2,81.4,0.4,71.2,81.4,0.4,76ers_vs_Trail Blazers,0.0,1.0,-7,7,228.125,228.57142857142856,5.0,5.0,0.2777777777777778,0.2777777777777778
38,2024-05-24,Trail Blazers,76ers,102,75,home_win,19,40,10,24,20,24,35,18,17,14,32,8,20,15,20,49,23,14,3.0,-2.0,90.0,76.33333333333333,1.0,82.0,77.0,0.8,78.0,80.42857142857143,0.5714285714285714,80.66666666666667,91.0,0.3333333333333333,77.2,85.8,0.4,78.5,86.33333333333333,0.3333333333333333,76ers_vs_Trail Blazers,1.0,0.0,27,-27,254.99999999999997,234.375,6.0,6.0,0.3333333333333333,0.3333333333333333
37,2024-05-24,Trail Blazers,Rockets,88,81,home_win,16,31,9,21,17,20,35,19,14,15,30,8,22,16,22,43,24,14,4.0,-6.0,81.66666666666667,67.0,1.0,74.6,77.6,0.6,74.0,81.33333333333333,0.5,84.33333333333333,88.66666666666667,0.0,77.6,84.2,0.0,79.5,81.4,0.3,Rockets_vs_Trail Blazers,1.0,0.0,7,-7,283.8709677419355,270.0,7.0,11.0,0.3888888888888889,0.6111111111111112
39,2024-05-26,76ers,Raptors,84,102,away_win,15,35,8,19,16,19,43,24,16,19,39,10,30,20,26,47,24,12,-3.0,5.0,77.33333333333333,94.66666666666667,0.0,82.8,92.0,0.4,79.28571428571429,88.57142857142857,0.2857142857142857,109.0,78.33333333333333,1.0,108.4,74.4,1.0,104.5,77.0,0.8333333333333334,76ers_vs_Raptors,0.0,1.0,-18,18,240.0,261.53846153846155,7.0,6.0,0.3888888888888889,0.3333333333333333
40,2024-05-27,Nuggets,Rockets,51,98,away_win,9,19,5,12,10,12,30,23,14,18,37,10,26,19,23,47,27,13,-1.0,1.0,75.0,72.33333333333333,0.6666666666666666,75.0,86.4,0.6,83.6,79.7,0.7,87.0,75.33333333333333,0.3333333333333333,83.8,77.2,0.2,82.6,79.0,0.4,Nuggets_vs_Rockets,0.6666666666666666,0.33333333333333337,-47,47,268.42105263157896,264.86486486486484,14.0,12.0,0.7777777777777778,0.6666666666666666
41,2024-06-02,Nuggets,Nets,75,43,home_win,14,28,8,19,15,19,39,22,10,8,15,4,10,8,10,47,20,10,1.0,-1.0,75.0,66.33333333333333,0.6666666666666666,72.6,78.6,0.6,83.6,77.3,0.7,72.0,81.33333333333333,0.6666666666666666,79.2,81.6,0.6,77.42857142857143,83.42857142857143,0.42857142857142855,Nets_vs_Nuggets,1.0,0.0,32,-32,267.85714285714283,286.6666666666667,15.0,7.0,0.8333333333333334,0.3888888888888889
42,2024-06-11,Celtics,Raptors,65,107,away_win,12,22,6,18,13,15,55,28,9,20,38,11,30,21,24,40,30,14,-3.0,6.0,59.0,87.0,0.0,70.2,84.0,0.2,70.33333333333333,80.33333333333333,0.2222222222222222,114.0,70.66666666666667,1.0,105.4,73.8,1.0,104.85714285714286,75.28571428571429,0.8571428571428571,Celtics_vs_Raptors,0.0,1.0,-42,42,295.45454545454544,281.57894736842104,9.0,7.0,0.5,0.3888888888888889
43,2024-06-11,Raptors,Nuggets,120,71,home_win,22,43,12,29,24,32,51,21,14,13,30,7,20,14,17,52,22,15,7.0,-1.0,109.66666666666667,73.33333333333333,1.0,110.8,74.2,1.0,106.75,74.75,0.875,65.66666666666667,87.0,0.3333333333333333,74.2,76.0,0.6,82.2,80.5,0.7,Nuggets_vs_Raptors,1.0,0.0,49,-49,279.06976744186045,236.66666666666666,8.0,16.0,0.4444444444444444,0.8888888888888888
44,2024-06-16,Bucks,Rockets,70,71,away_win,13,27,7,20,14,19,26,28,17,13,31,7,18,14,16,39,25,10,-2.0,2.0,66.66666666666667,71.33333333333333,0.3333333333333333,62.6,69.2,0.2,62.6,69.2,0.2,83.33333333333333,69.66666666666667,0.6666666666666666,84.4,77.4,0.4,80.6,78.7,0.4,Bucks_vs_Rockets,0.3333333333333333,0.6666666666666667,-1,1,259.25925925925924,229.03225806451616,5.0,13.0,0.2777777777777778,0.7222222222222222
45,2024-06-18,Nets,Celtics,86,80,home_win,16,31,9,23,17,23,43,28,15,15,29,8,20,16,19,44,20,12,1.0,-4.0,73.33333333333333,81.66666666666667,0.6666666666666666,80.6,85.0,0.6,78.5,83.0,0.5,67.66666666666667,97.33333333333333,0.0,68.6,82.8,0.2,71.3,80.9,0.2,Celtics_vs_Nets,1.0,0.0,6,-6,277.4193548387097,275.86206896551727,8.0,10.0,0.4444444444444444,0.5555555555555556
46,2024-06-19,Jazz,Rockets,87,71,home_win,16,39,9,27,17,24,42,26,12,13,24,7,20,14,18,49,21,15,2.0,-1.0,76.0,71.66666666666667,0.6666666666666666,77.4,82.2,0.4,84.9,83.7,0.6,80.0,69.33333333333333,0.6666666666666666,80.6,76.6,0.4,80.8,81.2,0.3,Jazz_vs_Rockets,1.0,0.0,16,-16,223.0769230769231,295.83333333333337,11.0,14.0,0.6111111111111112,0.7777777777777778
47,2024-06-22,Trail Blazers,Nets,70,72,away_win,13,31,7,16,14,18,35,28,13,13,24,7,18,14,17,50,22,10,-1.0,2.0,86.66666666666667,76.0,0.6666666666666666,83.4,69.6,0.8,77.0,79.375,0.5,67.0,75.0,0.6666666666666666,74.8,78.8,0.8,77.77777777777777,81.55555555555556,0.5555555555555556,Nets_vs_Trail Blazers,0.0,1.0,-2,2,225.80645161290326,300.0,8.0,9.0,0.4444444444444444,0.5
48,2024-06-26,Rockets,Celtics,92,81,home_win,17,39,9,22,18,25,34,28,11,15,35,8,19,16,19,41,20,15,1.0,-5.0,78.0,79.33333333333333,0.6666666666666666,82.6,75.4,0.6,79.9,79.2,0.3,75.33333333333333,95.0,0.0,67.6,87.8,0.0,72.7,83.0,0.2,Celtics_vs_Rockets,0.6666666666666667,0.3333333333333333,11,-11,235.8974358974359,231.42857142857144,15.0,11.0,0.8333333333333334,0.6111111111111112
49,2024-06-26,Rockets,Nuggets,81,72,home_win,15,36,8,21,16,22,46,30,15,13,30,7,18,14,17,42,30,9,2.0,-2.0,81.33333333333333,80.0,0.6666666666666666,82.6,72.2,0.8,80.1,78.2,0.4,72.66666666666667,81.33333333333333,0.3333333333333333,73.6,80.0,0.4,79.2,81.8,0.6,Nuggets_vs_Rockets,0.5,0.5,9,-9,225.0,240.0,16.0,17.0,0.8888888888888888,0.9444444444444444
50,2024-06-29,Bucks,Thunder,56,63,away_win,10,24,5,13,11,14,45,23,13,11,23,6,15,12,14,46,21,12,-3.0,1.0,62.333333333333336,69.66666666666667,0.0,63.6,69.2,0.2,61.5,68.16666666666667,0.16666666666666666,55.0,62.333333333333336,0.6666666666666666,60.4,80.4,0.4,63.57142857142857,77.14285714285714,0.42857142857142855,Bucks_vs_Thunder,0.0,1.0,-7,7,233.33333333333334,273.9130434782609,6.0,7.0,0.3333333333333333,0.3888888888888889
51,2024-06-30,Nets,76ers,77,66,home_win,14,26,8,19,15,20,47,25,19,12,29,7,19,13,15,39,24,18,3.0,-4.0,78.33333333333333,72.0,1.0,73.8,76.2,0.8,77.7,80.0,0.6,75.0,93.66666666666667,0.0,78.4,90.4,0.2,77.625,87.125,0.25,76ers_vs_Nets,1.0,0.0,11,-11,296.1538461538462,227.58620689655174,10.0,8.0,0.5555555555555556,0.4444444444444444
52,2024-07-01,Nets,Bucks,102,53,home_win,19,39,10,25,20,28,52,30,21,10,20,5,13,10,13,41,28,12,4.0,-4.0,83.66666666666667,63.0,1.0,76.0,68.8,0.8,81.5,76.0,0.7,59.666666666666664,78.66666666666667,0.0,61.8,75.8,0.2,60.285714285714285,73.0,0.14285714285714285,Bucks_vs_Nets,1.0,0.0,49,-49,261.53846153846155,265.0,11.0,7.0,0.6111111111111112,0.3888888888888889
53,2024-07-03,Celtics,Jazz,84,62,home_win,15,31,8,22,16,20,42,23,15,11,26,6,17,12,16,45,26,17,1.0,-1.0,81.66666666666667,80.0,0.3333333333333333,73.6,89.2,0.2,73.8,80.1,0.3,75.66666666666667,73.33333333333333,0.6666666666666666,76.2,78.6,0.4,81.8,85.7,0.5,Celtics_vs_Jazz,1.0,0.0,22,-22,270.96774193548384,238.46153846153845,12.0,12.0,0.6666666666666666,0.6666666666666666
54,2024-07-03,Nuggets,Nets,100,54,home_win,19,38,10,25,20,26,40,22,12,10,19,5,11,10,13,32,26,18,1.0,-1.0,81.0,85.0,0.3333333333333333,73.8,79.2,0.4,80.2,79.3,0.6,77.66666666666667,73.0,0.6666666666666666,78.2,73.8,0.8,78.7,77.7,0.7,Nets_vs_Nuggets,1.0,0.0,46,-46,263.15789473684214,284.2105263157895,18.0,12.0,1.0,0.6666666666666666
55,2024-07-06,Raptors,76ers,101,88,home_win,19,39,10,26,20,26,48,28,9,16,35,9,26,17,20,37,21,13,8.0,-5.0,109.33333333333333,74.66666666666667,1.0,112.6,74.2,1.0,106.11111111111111,76.22222222222223,0.8888888888888888,79.33333333333333,93.33333333333333,0.0,77.2,92.4,0.0,78.77777777777777,88.66666666666667,0.2222222222222222,76ers_vs_Raptors,1.0,0.0,13,-13,258.974358974359,251.42857142857142,9.0,9.0,0.5,0.5
56,2024-07-07,Rockets,Bucks,67,50,home_win,12,24,7,20,13,18,42,25,17,9,17,5,14,10,12,54,25,14,3.0,-5.0,80.0,67.66666666666667,1.0,76.4,72.0,0.8,80.1,74.6,0.5,53.0,77.33333333333333,0.0,58.0,75.6,0.0,59.0,72.25,0.125,Bucks_vs_Rockets,0.75,0.25,17,-17,279.16666666666663,294.11764705882354,17.0,8.0,0.9444444444444444,0.4444444444444444
57,2024-07-08,76ers,Thunder,64,70,away_win,12,28,6,18,12,14,53,24,14,13,31,7,18,14,18,42,25,8,-6.0,2.0,72.66666666666667,82.66666666666667,0.0,75.4,90.4,0.0,77.3,86.8,0.2,60.0,65.66666666666667,0.6666666666666666,60.8,68.8,0.6,64.375,75.5,0.5,76ers_vs_Thunder,0.0,1.0,-6,6,228.57142857142856,225.80645161290326,10.0,8.0,0.5555555555555556,0.4444444444444444
58,2024-07-13,Bucks,76ers,51,81,away_win,9,21,5,14,10,11,43,26,15,15,29,8,23,16,21,43,21,15,-6.0,1.0,51.333333333333336,83.33333333333333,0.0,56.0,76.8,0.0,58.111111111111114,73.22222222222223,0.1111111111111111,77.66666666666667,74.0,0.3333333333333333,76.6,80.2,0.2,76.9,83.0,0.3,76ers_vs_Bucks,0.0,1.0,-30,30,242.85714285714283,279.3103448275862,9.0,11.0,0.5,0.6111111111111112
59,2024-07-16,Nets,Celtics,83,86,away_win,15,30,8,23,16,21,42,25,16,16,35,9,23,17,20,41,20,13,-2.0,2.0,79.66666666666667,79.66666666666667,0.3333333333333333,77.6,75.0,0.6,79.1,80.0,0.6,83.66666666666667,79.0,0.6666666666666666,79.2,86.0,0.4,76.1,83.3,0.3,Celtics_vs_Nets,0.5,0.5,-3,3,276.6666666666667,245.71428571428572,13.0,13.0,0.7222222222222222,0.7222222222222222
60,2024-07-21,Rockets,Nuggets,70,91,away_win,13,26,7,18,14,17,33,24,15,17,34,9,25,18,22,52,23,10,-1.0,2.0,72.66666666666667,71.0,0.6666666666666666,76.2,76.2,0.6,80.3,76.8,0.5,87.66666666666667,68.33333333333333,0.6666666666666666,81.8,73.6,0.6,78.4,80.0,0.6,Nuggets_vs_Rockets,0.4,0.6,-21,21,269.2307692307692,267.6470588235294,18.0,19.0,1.0,1.0
61,2024-07-22,Raptors,Thunder,89,44,home_win,16,34,9,24,17,20,42,23,13,8,16,4,10,8,9,45,26,11,9.0,-1.0,103.33333333333333,67.66666666666667,1.0,103.8,70.4,1.0,104.4,73.0,0.9,59.0,69.66666666666667,0.6666666666666666,55.8,68.0,0.6,62.111111111111114,77.0,0.4444444444444444,Raptors_vs_Thunder,1.0,0.0,45,-45,261.7647058823529,275.0,10.0,9.0,0.5555555555555556,0.5
62,2024-07-28,Bucks,Thunder,51,82,away_win,9,16,5,13,10,12,41,21,13,15,28,8,24,16,19,39,26,16,-7.0,1.0,50.666666666666664,76.66666666666667,0.0,52.2,79.0,0.0,57.4,74.1,0.1,65.33333333333333,68.0,0.6666666666666666,61.2,67.4,0.6,64.1,74.4,0.5,Bucks_vs_Thunder,0.0,1.0,-31,31,318.75,292.85714285714283,10.0,10.0,0.5555555555555556,0.5555555555555556
63,2024-07-29,Thunder,Jazz,97,91,home_win,18,34,10,29,19,22,35,28,15,17,34,9,25,18,22,45,20,16,2.0,-2.0,74.33333333333333,77.0,0.6666666666666666,71.2,70.2,0.8,66.7,77.9,0.5,80.0,84.0,0.3333333333333333,76.2,79.2,0.4,80.9,88.3,0.4,Jazz_vs_Thunder,1.0,0.0,6,-6,285.29411764705884,267.6470588235294,11.0,13.0,0.6111111111111112,0.7222222222222222
64,2024-07-31,Trail Blazers,Nets,84,64,home_win,15,28,8,24,16,20,36,29,14,12,27,6,18,12,15,45,17,13,1.0,-3.0,85.33333333333333,70.33333333333333,0.6666666666666666,84.8,73.0,0.8,77.77777777777777,77.66666666666667,0.5555555555555556,67.0,90.0,0.0,76.0,77.8,0.4,75.4,78.3,0.6,Nets_vs_Trail Blazers,0.5,0.5,20,-20,300.0,237.037037037037,9.0,14.0,0.5,0.7777777777777778
65,2024-07-31,Raptors,Nuggets,116,71,home_win,22,44,12,29,23,31,35,18,10,13,28,7,17,14,17,51,19,20,10.0,-1.0,102.0,67.66666666666667,1.0,106.6,67.8,1.0,107.5,71.1,1.0,87.33333333333333,80.0,0.6666666666666666,81.0,88.2,0.4,76.8,83.4,0.5,Nuggets_vs_Raptors,1.0,0.0,45,-45,263.6363636363636,253.57142857142856,11.0,20.0,0.6111111111111112,1.0
66,2024-07-31,Bucks,Thunder,45,48,away_win,8,15,4,10,9,11,44,20,11,9,16,5,13,9,11,40,26,14,-8.0,3.0,49.0,70.33333333333333,0.0,50.0,76.0,0.0,56.8,72.6,0.1,75.66666666666667,62.333333333333336,1.0,68.2,68.0,0.8,64.3,74.2,0.6,Bucks_vs_Thunder,0.0,1.0,-3,3,300.0,300.0,11.0,12.0,0.6111111111111112,0.6666666666666666
67,2024-08-03,Nuggets,Celtics,71,71,away_win,13,23,7,17,14,19,42,25,14,13,32,7,17,14,17,42,25,21,-2.0,3.0,77.66666666666667,85.66666666666667,0.3333333333333333,81.0,78.4,0.4,77.6,77.2,0.5,80.33333333333333,72.0,1.0,80.4,78.8,0.6,75.3,81.4,0.4,Celtics_vs_Nuggets,0.75,0.25,0,0,308.69565217391306,221.875,21.0,14.0,1.0,0.7777777777777778
68,2024-08-04,Trail Blazers,Thunder,70,60,home_win,13,24,7,19,14,18,48,25,12,11,22,6,16,12,15,44,23,15,2.0,-1.0,74.66666666666667,65.33333333333333,0.6666666666666666,82.8,70.4,0.8,77.0,75.9,0.6,68.33333333333333,68.66666666666667,0.6666666666666666,66.2,69.2,0.6,63.5,69.0,0.6,Thunder_vs_Trail Blazers,1.0,0.0,10,-10,291.66666666666663,272.7272727272727,10.0,13.0,0.5555555555555556,0.7222222222222222
69,2024-08-04,Rockets,Jazz,82,81,home_win,15,28,8,24,16,21,47,21,16,15,33,8,23,16,18,44,34,9,1.0,-3.0,73.0,74.0,0.6666666666666666,78.4,75.0,0.8,79.5,75.8,0.6,78.0,87.66666666666667,0.0,79.8,79.8,0.4,79.4,84.1,0.4,Jazz_vs_Rockets,0.5,0.5,1,-1,292.85714285714283,245.45454545454547,19.0,14.0,1.0,0.7777777777777778
70,2024-08-05,Thunder,Celtics,62,62,away_win,11,26,6,17,12,15,34,12,14,11,27,6,14,12,14,40,25,11,-2.0,4.0,56.666666666666664,59.0,0.3333333333333333,69.8,63.8,0.6,62.8,65.9,0.6,73.0,72.0,1.0,76.8,74.0,0.8,72.7,78.4,0.5,Celtics_vs_Thunder,0.5,0.5,0,0,238.46153846153845,229.62962962962962,14.0,15.0,0.7777777777777778,0.8333333333333334
71,2024-08-06,Bucks,Raptors,58,81,away_win,11,21,6,17,11,15,40,26,18,15,30,8,22,16,22,48,20,18,-9.0,11.0,51.333333333333336,70.33333333333333,0.0,51.0,71.8,0.0,56.4,73.8,0.1,95.33333333333333,57.666666666666664,1.0,101.4,66.4,1.0,103.4,70.1,1.0,Bucks_vs_Raptors,0.0,1.0,-23,23,276.1904761904762,270.0,12.0,12.0,0.6666666666666666,0.6666666666666666
72,2024-08-08,76ers,Rockets,90,90,away_win,17,36,9,25,18,23,46,21,18,17,34,9,24,18,24,43,22,12,-1.0,2.0,78.33333333333333,70.33333333333333,0.3333333333333333,77.8,77.8,0.2,80.3,84.9,0.3,80.66666666666667,87.33333333333333,0.6666666666666666,78.0,76.8,0.8,80.3,76.1,0.7,76ers_vs_Rockets,0.0,1.0,0,0,250.0,264.70588235294116,12.0,20.0,0.6666666666666666,1.0
73,2024-08-12,76ers,Thunder,67,62,home_win,12,24,7,17,13,16,49,14,11,11,23,6,18,12,16,39,22,7,1.0,-3.0,79.33333333333333,67.66666666666667,0.6666666666666666,78.0,74.8,0.4,78.2,82.6,0.3,61.333333333333336,66.33333333333333,0.0,65.8,67.0,0.4,63.5,67.2,0.5,76ers_vs_Thunder,0.3333333333333333,0.6666666666666667,5,-5,279.16666666666663,269.5652173913044,13.0,15.0,0.7222222222222222,0.8333333333333334
74,2024-08-19,Raptors,76ers,101,71,home_win,19,35,10,25,20,25,36,23,13,13,29,7,17,14,18,42,27,14,12.0,-1.0,99.33333333333333,66.66666666666667,1.0,97.6,66.4,1.0,104.2,70.3,1.0,76.0,84.33333333333333,0.3333333333333333,74.6,74.8,0.4,75.9,83.6,0.2,76ers_vs_Raptors,1.0,0.0,30,-30,288.57142857142856,244.82758620689654,13.0,14.0,0.7222222222222222,0.7777777777777778
76,2024-08-21,Raptors,Nets,119,79,home_win,22,44,12,37,23,28,44,30,15,15,31,8,19,15,20,45,26,17,13.0,-4.0,98.0,75.33333333333333,0.6666666666666666,98.2,71.0,0.8,101.0,70.7,0.9,75.33333333333333,96.33333333333333,0.0,76.4,88.4,0.2,75.1,82.3,0.5,Nets_vs_Raptors,1.0,0.0,40,-40,270.45454545454544,254.83870967741936,14.0,15.0,0.7777777777777778,0.8333333333333334
75,2024-08-21,Raptors,Celtics,74,76,away_win,14,29,7,16,14,17,50,20,16,14,25,8,19,15,19,32,23,14,-1.0,5.0,85.33333333333333,68.33333333333333,0.6666666666666666,92.2,64.0,0.8,102.4,69.1,0.9,69.66666666666667,69.0,1.0,75.8,70.4,1.0,71.7,79.1,0.5,Celtics_vs_Raptors,0.6666666666666667,0.3333333333333333,-2,2,255.17241379310346,304.0,15.0,16.0,0.8333333333333334,0.8888888888888888
77,2024-08-26,Nets,Trail Blazers,101,61,home_win,19,35,10,30,20,24,48,23,13,11,25,6,17,12,15,41,25,18,1.0,-1.0,81.33333333333333,88.0,0.3333333333333333,76.2,90.0,0.2,76.1,79.4,0.5,71.66666666666667,75.0,0.6666666666666666,77.4,74.4,0.6,76.0,76.0,0.6,Nets_vs_Trail Blazers,0.6666666666666666,0.33333333333333337,40,-40,288.57142857142856,244.0,16.0,11.0,0.8888888888888888,0.6111111111111112
78,2024-08-29,Bucks,Nets,64,65,away_win,12,22,6,16,12,14,45,26,16,12,27,6,14,13,16,57,16,15,-10.0,2.0,55.666666666666664,64.66666666666667,0.0,53.8,71.4,0.0,55.9,73.5,0.0,81.66666666666667,81.33333333333333,0.6666666666666666,78.4,82.8,0.4,78.3,78.3,0.6,Bucks_vs_Nets,0.0,1.0,-1,1,290.90909090909093,240.74074074074073,13.0,17.0,0.7222222222222222,0.9444444444444444
79,2024-08-29,Nuggets,76ers,97,70,home_win,18,41,10,25,19,26,45,18,12,13,26,7,18,14,18,51,19,11,1.0,-2.0,79.66666666666667,85.66666666666667,0.3333333333333333,86.0,76.2,0.6,79.8,78.1,0.5,69.33333333333333,86.66666666666667,0.3333333333333333,75.8,80.2,0.4,75.6,85.3,0.2,76ers_vs_Nuggets,0.5,0.5,27,-27,236.58536585365852,269.2307692307692,22.0,15.0,1.0,0.8333333333333334
80,2024-08-30,Bucks,Jazz,54,82,away_win,10,20,5,14,10,13,36,24,12,15,37,8,24,16,22,35,28,14,-11.0,1.0,58.666666666666664,76.0,0.0,54.4,71.6,0.0,55.2,74.2,0.0,84.66666666666667,77.66666666666667,0.3333333333333333,80.6,77.6,0.4,79.3,81.3,0.4,Bucks_vs_Jazz,0.0,1.0,-28,28,270.0,221.6216216216216,14.0,15.0,0.7777777777777778,0.8333333333333334
81,2024-08-31,76ers,Bucks,88,49,home_win,16,33,9,27,17,20,44,19,11,9,21,5,14,9,11,51,23,8,1.0,-12.0,76.33333333333333,82.33333333333333,0.3333333333333333,77.2,79.8,0.4,76.9,80.0,0.3,55.666666666666664,78.33333333333333,0.0,54.0,72.8,0.0,53.1,75.9,0.0,76ers_vs_Bucks,1.0,0.0,39,-39,266.66666666666663,233.33333333333334,16.0,15.0,0.8888888888888888,0.8333333333333334
82,2024-09-01,Rockets,Thunder,88,70,home_win,16,34,9,22,17,22,49,18,9,13,26,7,21,14,16,34,25,10,3.0,-4.0,86.66666666666667,80.33333333333333,1.0,79.4,76.4,0.8,81.0,74.3,0.8,64.66666666666667,72.33333333333333,0.0,60.4,66.4,0.2,65.8,68.3,0.5,Rockets_vs_Thunder,1.0,0.0,18,-18,258.8235294117647,269.2307692307692,21.0,16.0,1.0,0.8888888888888888
83,2024-09-03,Celtics,Raptors,71,84,away_win,13,27,7,19,14,17,44,22,16,15,31,8,19,16,20,44,22,13,-1.0,1.0,69.66666666666667,73.33333333333333,0.6666666666666666,73.2,74.8,0.8,73.4,82.0,0.5,92.33333333333333,75.33333333333333,0.6666666666666666,91.8,71.0,0.8,99.2,69.4,0.9,Celtics_vs_Raptors,0.25,0.75,-13,13,262.962962962963,270.96774193548384,17.0,16.0,0.9444444444444444,0.8888888888888888
84,2024-09-05,Bucks,76ers,48,64,away_win,9,17,5,14,9,10,44,24,8,12,21,6,16,12,16,43,22,16,-13.0,2.0,50.333333333333336,78.0,0.0,54.6,76.0,0.0,52.3,76.0,0.0,74.0,64.66666666666667,0.6666666666666666,72.0,71.4,0.6,74.9,74.6,0.4,76ers_vs_Bucks,0.0,1.0,-16,16,282.3529411764706,304.76190476190476,16.0,17.0,0.8888888888888888,0.9444444444444444
85,2024-09-08,Jazz,Nets,104,68,home_win,19,36,11,29,20,27,41,25,11,12,24,7,16,13,16,38,23,13,2.0,-1.0,89.0,68.0,0.6666666666666666,84.0,77.0,0.4,80.7,79.6,0.4,78.0,76.33333333333333,0.6666666666666666,75.4,86.4,0.4,76.5,80.7,0.5,Jazz_vs_Nets,0.75,0.25,36,-36,288.88888888888886,283.33333333333337,16.0,18.0,0.8888888888888888,1.0
86,2024-09-08,76ers,Jazz,81,82,away_win,15,31,8,21,16,22,46,14,15,15,36,8,21,16,19,48,19,20,-1.0,3.0,77.66666666666667,59.666666666666664,0.6666666666666666,74.8,75.4,0.4,76.4,75.1,0.4,89.33333333333333,67.66666666666667,1.0,88.0,76.4,0.6,82.1,77.5,0.5,76ers_vs_Jazz,0.5,0.5,-1,1,261.2903225806451,227.77777777777777,18.0,17.0,1.0,0.9444444444444444
87,2024-09-09,Nets,Bucks,51,55,away_win,9,16,5,12,10,14,39,30,19,10,20,5,12,11,15,46,25,20,-2.0,1.0,61.333333333333336,74.33333333333333,0.3333333333333333,72.8,80.6,0.4,74.4,79.2,0.4,50.666666666666664,67.66666666666667,0.3333333333333333,54.0,70.0,0.2,52.5,70.9,0.1,Bucks_vs_Nets,0.6666666666666667,0.3333333333333333,-4,4,318.75,275.0,19.0,17.0,1.0,0.9444444444444444
89,2024-09-10,Bucks,Nets,55,68,away_win,10,23,5,12,11,14,44,23,10,12,22,7,20,13,16,51,25,15,-1.0,1.0,52.666666666666664,61.0,0.3333333333333333,52.2,70.6,0.2,53.0,71.0,0.1,55.333333333333336,60.666666666666664,0.3333333333333333,59.8,70.0,0.4,68.0,80.0,0.3,Bucks_vs_Nets,0.25,0.75,-13,13,239.1304347826087,309.09090909090907,18.0,20.0,1.0,1.0
88,2024-09-10,Nuggets,Nets,72,47,home_win,13,28,7,19,14,19,50,20,10,8,19,5,14,9,12,40,19,15,2.0,-1.0,80.0,62.666666666666664,0.6666666666666666,80.4,74.8,0.6,77.1,77.0,0.5,55.333333333333336,77.0,0.0,66.4,71.2,0.4,71.4,79.8,0.3,Nets_vs_Nuggets,1.0,0.0,25,-25,257.14285714285717,247.3684210526316,23.0,21.0,1.0,1.0
90,2024-09-13,Raptors,Celtics,110,78,home_win,20,48,11,32,22,26,38,29,7,14,27,8,19,15,19,49,23,12,2.0,-2.0,104.33333333333333,76.0,1.0,97.6,75.0,0.8,99.5,70.7,0.9,75.0,89.33333333333333,0.3333333333333333,71.6,80.2,0.6,75.4,83.1,0.5,Celtics_vs_Raptors,0.8,0.2,32,-32,229.16666666666666,288.88888888888886,17.0,18.0,0.9444444444444444,1.0
91,2024-09-17,Thunder,Nets,60,68,away_win,11,24,6,15,12,15,43,24,15,12,25,7,18,13,17,50,24,11,-5.0,1.0,64.0,74.33333333333333,0.0,62.8,71.0,0.0,65.5,69.5,0.4,61.0,62.333333333333336,0.6666666666666666,60.4,69.2,0.4,69.4,76.0,0.4,Nets_vs_Thunder,0.0,1.0,-8,8,250.0,272.0,17.0,22.0,0.9444444444444444,1.0
92,2024-09-18,Jazz,Rockets,100,77,home_win,19,43,10,30,20,26,43,25,12,14,30,8,20,15,18,45,26,10,4.0,-1.0,95.33333333333333,75.33333333333333,1.0,89.8,72.4,0.8,83.0,75.8,0.6,85.0,86.66666666666667,0.6666666666666666,81.4,86.4,0.6,78.9,79.2,0.7,Jazz_vs_Rockets,0.6666666666666666,0.33333333333333337,23,-23,232.55813953488374,256.6666666666667,18.0,22.0,1.0,1.0
93,2024-09-25,Bucks,Jazz,55,86,away_win,10,21,5,12,11,13,46,28,15,16,39,9,27,17,20,48,32,20,-2.0,5.0,55.0,68.33333333333333,0.3333333333333333,52.4,71.4,0.2,53.4,71.5,0.1,89.33333333333333,71.0,1.0,90.8,67.0,1.0,85.3,73.4,0.7,Bucks_vs_Jazz,0.0,1.0,-31,31,261.9047619047619,220.51282051282053,19.0,19.0,1.0,1.0
94,2024-09-26,Rockets,Celtics,87,67,home_win,16,36,9,27,17,20,42,26,12,12,22,7,20,13,16,47,33,16,1.0,-3.0,84.0,79.0,0.6666666666666666,84.8,81.6,0.8,80.5,78.9,0.7,72.0,93.66666666666667,0.0,70.8,83.4,0.4,75.6,81.1,0.5,Celtics_vs_Rockets,0.75,0.25,20,-20,241.66666666666666,304.54545454545456,23.0,19.0,1.0,1.0
95,2024-09-26,Jazz,Rockets,111,81,home_win,21,43,11,27,22,26,41,23,12,15,37,8,24,16,22,45,27,11,6.0,-1.0,99.0,71.0,1.0,96.6,72.4,1.0,88.6,75.0,0.7,81.66666666666667,92.66666666666667,0.3333333333333333,84.6,87.6,0.6,81.5,81.3,0.7,Jazz_vs_Rockets,0.75,0.25,30,-30,258.13953488372096,218.9189189189189,20.0,24.0,1.0,1.0
96,2024-09-27,Celtics,Jazz,79,67,home_win,15,36,8,21,15,17,44,21,11,12,26,7,18,13,16,52,24,10,1.0,-1.0,74.66666666666667,88.0,0.3333333333333333,74.2,84.4,0.4,75.5,79.2,0.6,88.0,71.66666666666667,0.6666666666666666,89.2,74.6,0.8,86.6,75.8,0.6,Celtics_vs_Jazz,1.0,0.0,12,-12,219.44444444444446,257.69230769230774,20.0,21.0,1.0,1.0
97,2024-09-28,Rockets,Jazz,69,85,away_win,13,26,7,20,13,18,42,25,8,16,36,9,24,17,24,40,29,14,-2.0,1.0,79.0,87.66666666666667,0.3333333333333333,80.4,86.6,0.4,79.2,81.7,0.6,87.66666666666667,76.33333333333333,0.6666666666666666,89.8,72.2,0.8,88.9,74.3,0.7,Jazz_vs_Rockets,0.19999999999999996,0.8,-16,16,265.38461538461536,236.11111111111111,25.0,22.0,1.0,1.0
98,2024-09-28,Celtics,76ers,81,87,away_win,15,37,8,24,16,19,51,25,16,16,31,9,24,17,23,40,27,10,-1.0,1.0,75.66666666666667,80.33333333333333,0.3333333333333333,75.2,87.0,0.2,75.5,78.7,0.6,77.33333333333333,70.33333333333333,0.6666666666666666,78.0,71.4,0.6,76.3,73.1,0.5,76ers_vs_Celtics,0.0,1.0,-6,6,218.9189189189189,280.6451612903226,21.0,19.0,1.0,1.0
99,2024-09-28,Thunder,Nuggets,77,84,away_win,14,34,8,23,15,18,44,27,8,15,28,8,20,16,20,39,24,11,-6.0,3.0,69.0,80.0,0.0,66.2,73.8,0.0,66.2,71.5,0.3,84.33333333333333,64.66666666666667,1.0,79.0,76.2,0.6,80.4,74.9,0.6,Nuggets_vs_Thunder,0.0,1.0,-7,7,226.47058823529412,300.0,18.0,24.0,1.0,1.0
100,2024-09-29,76ers,Nuggets,78,78,away_win,14,28,8,20,15,18,38,23,13,14,26,8,19,15,20,44,23,8,-1.0,4.0,82.0,80.33333333333333,0.3333333333333333,79.6,67.6,0.6,77.7,73.9,0.5,78.0,67.33333333333333,1.0,80.4,68.6,0.8,80.7,78.4,0.6,76ers_vs_Nuggets,0.3333333333333333,0.6666666666666667,0,0,278.57142857142856,300.0,20.0,25.0,1.0,1.0
101,2024-09-30,Raptors,Celtics,109,84,home_win,20,43,11,31,21,25,46,16,8,15,29,8,22,16,20,46,21,17,3.0,-2.0,101.0,77.66666666666667,1.0,99.2,77.6,0.8,98.4,72.0,0.9,81.33333333333333,87.66666666666667,0.3333333333333333,77.8,92.0,0.2,75.5,83.4,0.5,Celtics_vs_Raptors,0.8333333333333334,0.16666666666666666,25,-25,253.48837209302326,289.6551724137931,18.0,22.0,1.0,1.0
102,2024-10-06,Nets,76ers,65,70,away_win,12,29,6,15,13,18,49,17,19,13,26,7,19,14,18,38,29,12,-1.0,1.0,67.0,61.666666666666664,0.6666666666666666,59.8,62.4,0.4,67.6,74.4,0.4,78.33333333333333,74.66666666666667,0.6666666666666666,76.0,70.8,0.6,76.6,75.3,0.5,76ers_vs_Nets,0.5,0.5,-5,5,224.13793103448273,269.2307692307692,23.0,21.0,1.0,1.0
103,2024-10-09,Jazz,Raptors,69,82,away_win,13,29,7,18,13,15,41,24,11,15,35,8,24,16,21,32,23,14,-1.0,4.0,73.66666666666667,76.66666666666667,0.3333333333333333,83.6,73.2,0.6,86.7,72.8,0.7,100.33333333333333,77.0,1.0,100.8,76.2,1.0,96.5,70.1,0.9,Jazz_vs_Raptors,0.5,0.5,-13,13,237.93103448275863,234.2857142857143,23.0,19.0,1.0,1.0
104,2024-10-10,Celtics,76ers,63,77,away_win,11,25,6,16,12,14,54,26,10,14,26,8,19,15,20,44,21,14,-3.0,2.0,76.0,91.0,0.0,74.8,85.4,0.2,73.2,82.8,0.4,75.0,68.66666666666667,0.6666666666666666,78.6,73.8,0.6,75.3,72.6,0.6,76ers_vs_Celtics,0.0,1.0,-14,14,252.0,296.1538461538462,23.0,22.0,1.0,1.0
105,2024-10-14,Nuggets,Bucks,95,79,home_win,18,36,10,27,19,24,45,28,14,15,34,8,24,15,19,46,24,12,5.0,-3.0,85.66666666666667,78.0,1.0,85.2,70.2,1.0,83.1,74.3,0.7,63.0,83.0,0.0,58.4,72.8,0.2,56.2,72.8,0.1,Bucks_vs_Nuggets,1.0,0.0,16,-16,263.88888888888886,232.3529411764706,26.0,20.0,1.0,1.0
106,2024-10-15,76ers,Nuggets,79,85,away_win,15,36,8,21,15,19,34,26,18,16,31,9,25,17,21,53,24,11,-1.0,6.0,75.33333333333333,71.0,0.6666666666666666,78.2,74.4,0.6,76.5,74.9,0.5,86.0,78.66666666666667,1.0,82.8,72.0,1.0,84.4,74.1,0.8,76ers_vs_Nuggets,0.25,0.75,-6,6,219.44444444444446,274.19354838709677,23.0,27.0,1.0,1.0
107,2024-10-16,Jazz,Bucks,73,67,home_win,13,29,7,20,14,16,48,24,18,12,26,7,21,13,17,47,28,17,1.0,-4.0,75.66666666666667,72.66666666666667,0.6666666666666666,81.0,75.6,0.6,85.9,71.3,0.8,67.0,84.66666666666667,0.0,62.2,74.6,0.2,58.4,75.3,0.1,Bucks_vs_Jazz,1.0,0.0,6,-6,251.72413793103448,257.69230769230774,24.0,21.0,1.0,1.0
108,2024-10-21,Raptors,Nets,97,83,home_win,18,44,10,24,19,26,47,26,11,15,29,8,20,16,19,49,25,14,5.0,-2.0,96.0,78.66666666666667,1.0,96.4,77.0,1.0,97.3,74.0,0.9,72.0,75.66666666666667,0.3333333333333333,66.2,70.8,0.4,69.5,75.7,0.4,Nets_vs_Raptors,1.0,0.0,14,-14,220.45454545454547,286.2068965517241,20.0,24.0,1.0,1.0
109,2024-10-22,Bucks,Rockets,37,85,away_win,7,17,3,7,7,9,35,20,16,16,33,9,23,17,23,40,20,13,-5.0,1.0,61.0,84.33333333333333,0.0,58.6,81.4,0.0,56.3,75.7,0.1,78.33333333333333,77.66666666666667,0.3333333333333333,79.8,80.0,0.4,79.6,78.2,0.6,Bucks_vs_Rockets,0.2,0.8,-48,48,217.6470588235294,257.57575757575756,22.0,26.0,1.0,1.0
110,2024-10-23,Raptors,76ers,83,90,away_win,15,30,8,19,16,20,40,19,16,17,40,9,24,18,22,44,27,15,-1.0,1.0,87.33333333333333,80.66666666666667,0.6666666666666666,96.2,80.8,0.8,94.0,75.9,0.8,82.0,77.0,0.6666666666666666,78.8,74.8,0.6,78.4,73.1,0.6,76ers_vs_Raptors,0.75,0.25,-7,7,276.6666666666667,225.0,21.0,24.0,1.0,1.0
111,2024-10-23,Bucks,Celtics,59,53,home_win,11,24,6,15,11,13,44,22,16,10,23,5,15,10,13,43,24,11,1.0,-4.0,54.333333333333336,70.33333333333333,0.3333333333333333,59.4,78.4,0.2,55.8,74.5,0.2,66.66666666666667,81.66666666666667,0.0,72.0,79.8,0.2,71.4,81.6,0.3,Bucks_vs_Celtics,0.5,0.5,6,-6,245.83333333333334,230.43478260869566,23.0,24.0,1.0,1.0
112,2024-10-24,Nets,Nuggets,75,85,away_win,14,30,8,20,15,21,39,26,12,16,29,9,27,17,21,46,22,11,-3.0,7.0,74.33333333333333,84.0,0.0,71.8,73.4,0.4,69.1,72.3,0.4,88.33333333333333,77.66666666666667,1.0,85.4,77.6,1.0,82.9,76.2,0.8,Nets_vs_Nuggets,0.0,1.0,-10,10,250.0,293.10344827586204,25.0,28.0,1.0,1.0
113,2024-10-25,Celtics,Jazz,73,88,away_win,13,28,7,18,14,18,36,28,12,16,29,9,24,17,23,36,22,15,-5.0,2.0,63.0,74.66666666666667,0.0,70.8,84.0,0.0,72.5,84.2,0.2,76.66666666666667,74.0,0.6666666666666666,76.4,74.0,0.6,86.5,73.2,0.8,Celtics_vs_Jazz,0.6666666666666666,0.33333333333333337,-15,15,260.7142857142857,303.44827586206895,25.0,25.0,1.0,1.0
114,2024-10-26,Celtics,Thunder,60,73,away_win,11,26,6,15,12,15,39,22,12,13,26,7,19,14,18,47,26,13,-6.0,1.0,62.0,73.33333333333333,0.0,66.6,81.2,0.0,70.9,84.1,0.1,70.0,70.66666666666667,0.3333333333333333,68.4,73.4,0.2,69.1,68.6,0.4,Celtics_vs_Thunder,0.3333333333333333,0.6666666666666667,-13,13,230.76923076923075,280.7692307692308,26.0,19.0,1.0,1.0
115,2024-10-26,76ers,Bucks,61,42,home_win,11,27,6,16,12,15,43,26,20,7,16,4,10,8,10,44,23,14,2.0,-1.0,76.66666666666667,70.0,0.6666666666666666,75.4,67.6,0.8,77.5,67.6,0.7,46.0,66.33333333333333,0.3333333333333333,56.8,73.4,0.2,54.6,72.4,0.2,76ers_vs_Bucks,1.0,0.0,19,-19,225.9259259259259,262.5,25.0,24.0,1.0,1.0
116,2024-10-30,Nuggets,Nets,79,75,home_win,15,34,8,22,15,19,48,26,7,14,34,8,20,15,19,37,26,11,8.0,-4.0,83.0,76.33333333333333,1.0,84.4,77.2,1.0,81.7,76.7,0.8,77.66666666666667,87.0,0.0,73.2,78.2,0.2,66.5,74.1,0.3,Nets_vs_Nuggets,1.0,0.0,4,-4,232.3529411764706,220.58823529411765,29.0,26.0,1.0,1.0
117,2024-11-02,Nuggets,Jazz,73,85,away_win,13,25,7,16,14,17,48,21,16,16,32,9,26,17,21,53,26,18,-1.0,3.0,79.0,78.33333333333333,0.6666666666666666,83.4,78.6,0.8,81.9,73.6,0.8,82.0,71.0,1.0,80.0,72.8,0.8,84.6,73.7,0.8,Jazz_vs_Nuggets,0.75,0.25,-12,12,292.0,265.625,30.0,26.0,1.0,1.0
118,2024-11-02,Thunder,Raptors,78,100,away_win,14,32,8,19,15,19,40,28,13,19,38,10,24,20,24,44,28,16,-1.0,1.0,76.0,81.33333333333333,0.3333333333333333,71.6,80.0,0.2,68.7,73.5,0.3,93.33333333333333,83.66666666666667,0.6666666666666666,94.2,80.8,0.8,95.9,77.9,0.8,Raptors_vs_Thunder,0.0,1.0,-22,22,243.75,263.15789473684214,20.0,22.0,1.0,1.0
119,2024-11-04,Trail Blazers,Raptors,102,99,home_win,19,46,10,24,20,25,36,22,9,18,40,10,27,19,24,42,26,15,1.0,-1.0,77.66666666666667,86.66666666666667,0.6666666666666666,77.4,79.2,0.6,79.7,78.1,0.7,94.0,90.0,0.3333333333333333,92.2,84.4,0.6,95.7,81.0,0.7,Raptors_vs_Trail Blazers,1.0,0.0,3,-3,221.73913043478262,247.5,12.0,23.0,0.6666666666666666,1.0
120,2024-11-08,Bucks,Thunder,66,72,away_win,12,26,7,19,13,15,46,19,18,13,25,7,16,14,18,46,21,13,-2.0,1.0,55.666666666666664,62.0,0.3333333333333333,54.2,68.8,0.2,56.3,70.8,0.2,74.33333333333333,75.33333333333333,0.6666666666666666,72.0,75.6,0.4,66.2,71.0,0.3,Bucks_vs_Thunder,0.0,1.0,-6,6,253.84615384615384,288.0,25.0,21.0,1.0,1.0
121,2024-11-08,76ers,Jazz,73,101,away_win,13,26,7,21,14,19,40,21,24,19,36,10,24,20,25,47,18,9,-1.0,4.0,74.66666666666667,75.33333333333333,0.6666666666666666,76.0,74.8,0.6,76.0,72.8,0.6,91.33333333333333,73.0,1.0,83.2,73.6,0.8,86.5,72.9,0.8,76ers_vs_Jazz,0.3333333333333333,0.6666666666666667,-28,28,280.7692307692308,280.55555555555554,26.0,27.0,1.0,1.0
122,2024-11-08,Nuggets,Jazz,83,93,away_win,15,33,8,23,16,21,40,17,14,17,32,9,23,18,22,41,24,13,-2.0,5.0,78.33333333333333,84.33333333333333,0.3333333333333333,81.0,81.4,0.6,83.1,75.8,0.8,93.0,76.33333333333333,1.0,88.0,73.8,1.0,85.8,73.5,0.8,Jazz_vs_Nuggets,0.6,0.4,-10,10,251.5151515151515,290.625,31.0,28.0,1.0,1.0
123,2024-11-08,Rockets,Bucks,75,39,home_win,14,26,8,19,15,18,36,18,16,7,12,4,11,7,9,43,25,12,2.0,-3.0,76.33333333333333,53.666666666666664,0.6666666666666666,79.4,67.8,0.6,80.4,77.1,0.6,49.0,69.33333333333333,0.0,48.6,69.2,0.2,55.4,71.9,0.2,Bucks_vs_Rockets,0.8333333333333334,0.16666666666666666,36,-36,288.46153846153845,325.0,27.0,26.0,1.0,1.0
125,2024-11-10,Thunder,76ers,58,63,away_win,11,24,6,18,11,13,50,22,10,11,25,6,15,12,16,48,28,10,-1.0,1.0,67.33333333333333,72.0,0.3333333333333333,70.6,75.2,0.4,68.4,74.5,0.2,65.66666666666667,67.0,0.6666666666666666,73.2,73.8,0.6,75.9,73.8,0.6,76ers_vs_Thunder,0.5,0.5,-5,5,241.66666666666666,252.0,22.0,27.0,1.0,1.0
124,2024-11-10,Thunder,Rockets,72,87,away_win,13,28,7,17,14,19,35,21,15,16,31,9,23,17,20,45,23,12,-2.0,3.0,74.0,84.33333333333333,0.3333333333333333,74.4,79.4,0.4,68.6,75.2,0.2,82.33333333333333,49.333333333333336,1.0,79.4,68.8,0.6,82.1,75.2,0.7,Rockets_vs_Thunder,0.0,1.0,-15,15,257.14285714285717,280.6451612903226,23.0,28.0,1.0,1.0
126,2024-11-11,Trail Blazers,Raptors,96,78,home_win,18,36,10,26,19,26,46,17,16,14,33,8,20,15,18,44,27,16,2.0,-2.0,86.33333333333333,92.66666666666667,0.6666666666666666,82.6,80.4,0.8,83.0,75.0,0.8,92.33333333333333,92.0,0.3333333333333333,91.4,89.8,0.4,96.1,83.0,0.7,Raptors_vs_Trail Blazers,1.0,0.0,18,-18,266.66666666666663,236.36363636363637,13.0,24.0,0.7222222222222222,1.0
127,2024-11-13,Celtics,Nets,64,70,away_win,12,28,6,14,12,16,42,26,16,13,31,7,21,14,16,43,19,17,-7.0,1.0,65.66666666666667,77.0,0.0,62.6,73.4,0.0,70.2,82.7,0.1,73.33333333333333,76.0,0.3333333333333333,73.6,79.0,0.2,67.0,74.1,0.3,Celtics_vs_Nets,0.3333333333333333,0.6666666666666667,-6,6,228.57142857142856,225.80645161290326,27.0,27.0,1.0,1.0
128,2024-11-14,Rockets,Thunder,85,68,home_win,16,36,9,22,17,20,53,23,14,12,23,7,18,13,18,44,25,18,4.0,-3.0,82.33333333333333,59.666666666666664,1.0,80.2,60.2,0.8,82.4,73.9,0.7,66.0,78.33333333333333,0.0,69.6,80.2,0.2,69.0,76.8,0.2,Rockets_vs_Thunder,1.0,0.0,17,-17,236.11111111111111,295.65217391304344,29.0,24.0,1.0,1.0
129,2024-11-14,Bucks,Nets,59,89,away_win,11,26,6,14,11,12,40,19,16,16,35,9,22,17,21,41,22,13,-4.0,2.0,54.666666666666664,78.66666666666667,0.0,53.0,70.0,0.2,55.8,75.7,0.1,78.0,67.33333333333333,0.6666666666666666,78.4,76.8,0.4,69.1,69.6,0.4,Bucks_vs_Nets,0.2,0.8,-30,30,226.9230769230769,254.28571428571428,27.0,28.0,1.0,1.0
130,2024-11-18,Thunder,Trail Blazers,89,66,home_win,16,35,9,25,17,21,38,30,13,12,29,7,16,13,16,46,22,12,1.0,-1.0,71.66666666666667,71.33333333333333,0.3333333333333333,71.8,73.4,0.4,71.7,76.7,0.3,88.0,88.66666666666667,0.6666666666666666,79.0,85.4,0.6,81.9,79.2,0.7,Thunder_vs_Trail Blazers,0.3333333333333333,0.6666666666666667,23,-23,254.28571428571428,227.58620689655174,25.0,14.0,1.0,0.7777777777777778
131,2024-11-19,76ers,Raptors,97,92,home_win,18,35,10,28,19,25,35,27,14,17,36,9,25,18,24,43,18,15,2.0,-3.0,77.66666666666667,83.66666666666667,0.6666666666666666,76.8,75.2,0.8,77.5,74.8,0.7,89.66666666666667,98.33333333333333,0.0,90.4,92.6,0.2,93.4,84.8,0.6,76ers_vs_Raptors,0.4,0.6,5,-5,277.1428571428571,255.55555555555554,28.0,25.0,1.0,1.0
132,2024-11-20,Jazz,Celtics,91,64,home_win,17,34,9,25,18,23,47,32,9,12,23,6,15,12,14,56,20,18,6.0,-8.0,95.0,73.33333333333333,1.0,91.6,73.2,1.0,86.3,74.4,0.8,62.666666666666664,78.0,0.0,62.8,76.2,0.0,68.8,80.8,0.1,Celtics_vs_Jazz,0.5,0.5,27,-27,267.6470588235294,278.2608695652174,29.0,28.0,1.0,1.0
133,2024-11-21,Celtics,Thunder,87,52,home_win,16,32,9,26,17,21,47,25,5,9,17,5,12,10,12,42,25,15,1.0,-1.0,71.66666666666667,71.0,0.3333333333333333,69.6,74.8,0.2,70.8,77.3,0.2,69.66666666666667,79.33333333333333,0.3333333333333333,67.8,77.6,0.2,69.9,76.6,0.3,Celtics_vs_Thunder,0.5,0.5,35,-35,271.875,305.88235294117646,29.0,26.0,1.0,1.0
134,2024-11-29,Jazz,Nuggets,84,81,home_win,15,34,8,20,16,21,39,23,16,15,28,8,24,16,21,39,21,18,7.0,-3.0,89.33333333333333,76.0,1.0,90.8,74.8,1.0,83.6,74.4,0.8,79.0,87.33333333333333,0.0,80.2,82.4,0.4,81.5,77.2,0.7,Jazz_vs_Nuggets,0.5,0.5,3,-3,247.05882352941177,289.2857142857143,30.0,32.0,1.0,1.0
135,2024-11-29,Jazz,Bucks,73,58,home_win,13,26,7,17,14,19,44,17,16,11,21,6,16,11,14,47,25,13,8.0,-5.0,82.66666666666667,67.66666666666667,1.0,88.4,71.8,1.0,84.2,72.3,0.9,52.0,79.0,0.0,52.8,74.0,0.0,56.1,76.2,0.1,Bucks_vs_Jazz,1.0,0.0,15,-15,280.7692307692308,276.1904761904762,31.0,28.0,1.0,1.0
136,2024-11-30,Trail Blazers,Raptors,91,104,away_win,17,35,9,26,18,23,46,25,11,19,39,11,27,20,25,50,18,6,-2.0,1.0,84.33333333333333,90.33333333333333,0.3333333333333333,83.2,94.2,0.4,83.0,82.3,0.6,91.33333333333333,94.66666666666667,0.3333333333333333,94.6,92.8,0.4,95.4,86.8,0.6,Raptors_vs_Trail Blazers,0.6666666666666667,0.3333333333333333,-13,13,260.0,266.66666666666663,15.0,26.0,0.8333333333333334,1.0
137,2024-12-02,Nuggets,Nets,90,71,home_win,17,40,9,22,18,22,42,23,9,13,27,7,16,14,17,50,27,15,1.0,-1.0,84.66666666666667,82.66666666666667,0.3333333333333333,81.2,81.6,0.4,83.3,79.6,0.7,76.66666666666667,71.0,0.6666666666666666,76.0,75.4,0.4,71.1,73.1,0.4,Nets_vs_Nuggets,1.0,0.0,19,-19,225.0,262.962962962963,33.0,29.0,1.0,1.0
138,2024-12-04,Trail Blazers,76ers,61,66,away_win,11,25,6,14,12,14,51,22,6,12,26,7,21,13,17,44,27,10,-3.0,3.0,72.66666666666667,86.33333333333333,0.0,83.2,87.2,0.4,80.3,80.8,0.5,75.33333333333333,70.33333333333333,1.0,72.0,70.8,0.8,75.4,72.8,0.7,76ers_vs_Trail Blazers,0.6666666666666667,0.3333333333333333,-5,5,244.0,253.84615384615384,16.0,29.0,0.8888888888888888,1.0
139,2024-12-05,Bucks,76ers,54,72,away_win,10,23,5,12,10,12,40,23,21,13,32,7,17,14,19,37,22,15,-6.0,4.0,57.0,78.0,0.0,55.2,76.2,0.0,56.0,74.8,0.1,78.33333333333333,69.0,1.0,74.2,73.2,0.8,74.8,70.4,0.8,76ers_vs_Bucks,0.0,1.0,-18,18,234.7826086956522,225.0,29.0,30.0,1.0,1.0
140,2024-12-06,Celtics,Bucks,96,49,home_win,18,33,10,27,19,26,55,23,13,9,17,5,12,9,12,50,31,16,2.0,-7.0,82.33333333333333,64.0,0.6666666666666666,74.2,67.0,0.4,72.5,75.5,0.2,53.666666666666664,80.33333333333333,0.0,51.8,81.0,0.0,53.0,74.9,0.1,Bucks_vs_Celtics,0.6666666666666667,0.3333333333333333,47,-47,290.90909090909093,288.2352941176471,30.0,30.0,1.0,1.0
141,2024-12-07,Nuggets,Raptors,88,115,away_win,16,30,9,24,17,23,45,28,17,21,41,12,29,23,28,46,27,13,-1.0,2.0,86.33333333333333,90.0,0.3333333333333333,83.0,89.6,0.2,83.7,83.4,0.6,103.66666666666667,92.0,0.6666666666666666,97.6,94.8,0.4,95.9,87.8,0.6,Nuggets_vs_Raptors,0.0,1.0,-27,27,293.3333333333333,280.4878048780488,34.0,27.0,1.0,1.0
142,2024-12-08,Thunder,Nets,71,69,home_win,13,24,7,21,14,17,42,25,14,13,27,7,19,13,15,48,24,12,1.0,-2.0,70.66666666666667,74.0,0.6666666666666666,67.6,74.0,0.4,71.0,76.7,0.4,76.33333333333333,73.33333333333333,0.3333333333333333,74.8,72.6,0.4,73.3,73.0,0.4,Nets_vs_Thunder,0.5,0.5,2,-2,295.83333333333337,255.55555555555554,27.0,30.0,1.0,1.0
143,2024-12-11,Jazz,76ers,89,68,home_win,16,38,9,23,17,22,43,23,14,12,23,7,17,13,17,42,26,14,9.0,-1.0,82.0,69.0,1.0,86.0,70.8,1.0,84.6,72.2,0.9,68.66666666666667,68.0,0.6666666666666666,73.2,70.8,0.8,74.6,72.8,0.7,76ers_vs_Jazz,0.75,0.25,21,-21,234.21052631578948,295.65217391304344,32.0,31.0,1.0,1.0
144,2024-12-12,76ers,Rockets,94,115,away_win,17,37,10,25,18,24,51,19,12,21,41,12,37,23,28,38,17,11,-2.0,5.0,78.0,86.0,0.3333333333333333,79.4,82.2,0.6,76.3,78.0,0.6,95.66666666666667,78.0,1.0,89.4,62.0,1.0,84.9,74.3,0.7,76ers_vs_Rockets,0.0,1.0,-21,21,254.05405405405403,280.4878048780488,32.0,30.0,1.0,1.0
145,2024-12-15,Rockets,Jazz,77,99,away_win,14,30,8,22,15,20,48,32,13,18,35,10,26,19,24,48,29,10,-1.0,10.0,92.33333333333333,87.0,0.6666666666666666,87.8,74.4,0.8,83.8,77.2,0.6,87.0,67.66666666666667,1.0,87.2,69.6,1.0,87.6,71.7,1.0,Jazz_vs_Rockets,0.16666666666666663,0.8333333333333334,-22,22,256.6666666666667,282.8571428571429,31.0,33.0,1.0,1.0
146,2024-12-15,Nets,Jazz,67,95,away_win,12,25,7,19,13,16,43,26,12,18,34,10,28,19,23,50,27,12,-3.0,11.0,69.0,85.33333333333333,0.0,73.2,75.8,0.4,73.2,77.0,0.3,94.33333333333333,70.66666666666667,1.0,88.0,70.2,1.0,89.8,71.7,1.0,Jazz_vs_Nets,0.19999999999999996,0.8,-28,28,268.0,279.4117647058823,31.0,34.0,1.0,1.0
147,2024-12-17,Raptors,Celtics,104,71,home_win,19,42,11,26,20,23,45,25,16,13,24,7,19,14,16,45,17,15,3.0,-1.0,107.66666666666667,83.33333333333333,1.0,98.6,88.6,0.6,95.4,86.5,0.6,84.66666666666667,68.33333333333333,0.6666666666666666,76.4,73.2,0.4,71.5,77.2,0.2,Celtics_vs_Raptors,0.8571428571428572,0.14285714285714285,33,-33,247.61904761904762,295.83333333333337,28.0,31.0,1.0,1.0
148,2024-12-18,Celtics,Nuggets,78,76,home_win,14,27,8,22,15,20,47,25,20,14,28,8,20,15,21,50,28,17,1.0,-2.0,81.66666666666667,76.33333333333333,0.6666666666666666,79.2,74.4,0.6,70.9,73.9,0.3,84.66666666666667,88.0,0.3333333333333333,83.6,88.2,0.2,83.5,83.4,0.5,Celtics_vs_Nuggets,0.4,0.6,2,-2,288.88888888888886,271.42857142857144,32.0,35.0,1.0,1.0
149,2024-12-18,Celtics,Thunder,68,68,away_win,12,24,7,17,13,17,41,22,13,12,24,7,19,13,16,55,12,17,-2.0,2.0,72.33333333333333,82.66666666666667,0.3333333333333333,80.0,69.8,0.6,71.4,73.0,0.3,63.666666666666664,74.66666666666667,0.6666666666666666,69.6,75.0,0.6,70.1,75.1,0.5,Celtics_vs_Thunder,0.4,0.6,0,0,283.33333333333337,283.33333333333337,33.0,28.0,1.0,1.0
150,2024-12-18,Raptors,Bucks,106,63,home_win,20,49,11,26,21,26,42,18,13,11,22,6,18,12,14,50,32,10,4.0,-8.0,108.33333333333333,74.0,1.0,104.2,82.0,0.8,97.8,85.9,0.6,55.333333333333336,91.33333333333333,0.0,56.6,87.2,0.0,52.6,78.2,0.1,Bucks_vs_Raptors,1.0,0.0,43,-43,216.3265306122449,286.3636363636364,29.0,31.0,1.0,1.0
151,2024-12-21,Bucks,Nets,62,84,away_win,11,20,6,18,12,16,42,24,9,15,30,8,20,16,20,44,23,15,-9.0,1.0,58.0,95.33333333333333,0.0,57.2,86.2,0.0,55.1,78.1,0.1,73.33333333333333,76.0,0.3333333333333333,76.0,75.4,0.4,74.8,77.2,0.3,Bucks_vs_Nets,0.16666666666666666,0.8333333333333334,-22,22,310.0,280.0,32.0,32.0,1.0,1.0
152,2024-12-24,Nuggets,Celtics,90,62,home_win,17,34,9,21,18,25,33,26,15,11,22,6,15,12,15,37,25,8,1.0,-1.0,84.66666666666667,85.0,0.3333333333333333,85.0,82.0,0.4,83.0,81.7,0.5,69.33333333333333,78.0,0.3333333333333333,75.0,77.4,0.4,72.3,76.1,0.3,Celtics_vs_Nuggets,0.6666666666666667,0.3333333333333333,28,-28,264.70588235294116,281.8181818181818,36.0,34.0,1.0,1.0
153,2024-12-27,Bucks,Thunder,74,32,home_win,14,25,7,21,14,19,37,18,16,6,14,3,9,6,8,46,18,18,1.0,-1.0,66.33333333333333,74.0,0.3333333333333333,60.4,78.0,0.2,56.6,76.0,0.1,57.0,70.33333333333333,0.6666666666666666,62.4,72.8,0.6,66.0,76.5,0.4,Bucks_vs_Thunder,0.2,0.8,42,-42,296.0,228.57142857142856,33.0,29.0,1.0,1.0
154,2024-12-30,Trail Blazers,Bucks,77,45,home_win,14,31,8,24,15,19,53,25,15,8,15,4,11,9,11,48,25,8,1.0,-1.0,76.33333333333333,71.66666666666667,0.3333333333333333,78.2,76.4,0.4,77.8,77.8,0.5,60.333333333333336,64.33333333333333,0.3333333333333333,58.6,79.0,0.2,56.9,77.6,0.1,Bucks_vs_Trail Blazers,1.0,0.0,32,-32,248.38709677419354,300.0,17.0,34.0,0.9444444444444444,1.0
155,2024-12-30,Nuggets,Nets,107,68,home_win,20,41,11,28,21,25,40,27,19,12,23,7,21,13,18,52,24,14,2.0,-1.0,91.0,69.33333333333333,0.6666666666666666,90.2,78.8,0.6,85.2,80.6,0.5,73.0,88.0,0.3333333333333333,71.8,85.0,0.2,75.1,80.9,0.3,Nets_vs_Nuggets,1.0,0.0,39,-39,260.9756097560976,295.65217391304344,37.0,33.0,1.0,1.0
156,2024-12-31,Jazz,Celtics,93,72,home_win,17,35,9,21,18,22,50,22,15,13,28,7,18,14,17,41,26,18,12.0,-2.0,95.66666666666667,72.0,1.0,89.8,68.4,1.0,90.3,71.6,1.0,67.33333333333333,83.66666666666667,0.0,70.2,86.2,0.2,72.2,76.6,0.3,Celtics_vs_Jazz,0.6,0.4,21,-21,265.7142857142857,257.14285714285717,35.0,35.0,1.0,1.0
157,2024-12-31,Jazz,Nuggets,93,82,home_win,17,34,9,26,18,23,48,21,13,15,29,8,21,16,22,43,21,16,13.0,-1.0,93.66666666666667,73.66666666666667,1.0,93.8,73.2,1.0,91.1,72.5,1.0,93.0,74.33333333333333,0.6666666666666666,88.6,83.2,0.4,84.9,82.4,0.4,Jazz_vs_Nuggets,0.5714285714285714,0.4285714285714286,11,-11,273.5294117647059,282.7586206896552,36.0,38.0,1.0,1.0
158,2025-01-02,Raptors,Thunder,117,58,home_win,22,51,12,35,23,29,44,21,14,11,27,6,16,11,13,48,24,12,5.0,-2.0,109.0,64.0,1.0,109.2,74.2,1.0,99.8,83.4,0.6,52.666666666666664,86.33333333333333,0.3333333333333333,56.2,83.0,0.4,64.0,78.2,0.4,Raptors_vs_Thunder,1.0,0.0,59,-59,229.41176470588235,214.81481481481484,30.0,30.0,1.0,1.0
159,2025-01-05,Thunder,Celtics,59,61,away_win,11,23,6,14,11,13,37,24,10,11,21,6,17,12,14,46,21,15,-3.0,1.0,49.666666666666664,84.0,0.0,57.6,77.8,0.4,62.7,77.7,0.3,65.0,80.66666666666667,0.3333333333333333,68.2,77.2,0.4,72.3,75.2,0.4,Celtics_vs_Thunder,0.5,0.5,-2,2,256.52173913043475,290.4761904761905,31.0,36.0,1.0,1.0
160,2025-01-09,Raptors,76ers,104,91,home_win,19,36,11,31,20,23,43,30,16,17,39,9,27,18,22,45,27,12,6.0,-3.0,109.0,70.66666666666667,1.0,109.2,74.2,1.0,101.9,83.5,0.7,84.33333333333333,102.66666666666667,0.0,78.2,84.6,0.4,77.5,79.9,0.6,76ers_vs_Raptors,0.6666666666666667,0.3333333333333333,13,-13,288.88888888888886,233.33333333333334,31.0,33.0,1.0,1.0
161,2025-01-10,Nuggets,Jazz,93,98,away_win,17,34,9,25,18,25,39,22,10,18,32,10,28,19,24,37,19,14,-2.0,14.0,94.0,86.33333333333333,0.3333333333333333,89.6,79.8,0.4,86.3,84.7,0.3,94.66666666666667,82.33333333333333,1.0,95.6,78.2,1.0,90.8,74.5,1.0,Jazz_vs_Nuggets,0.375,0.625,-5,5,273.5294117647059,306.25,39.0,37.0,1.0,1.0
162,2025-01-11,Raptors,Thunder,109,81,home_win,20,37,11,27,21,29,39,27,17,15,28,8,24,16,21,52,23,10,7.0,-4.0,110.0,76.66666666666667,1.0,108.0,72.8,1.0,102.8,83.8,0.7,66.0,95.66666666666667,0.0,59.6,85.8,0.2,63.6,79.9,0.3,Raptors_vs_Thunder,1.0,0.0,28,-28,294.5945945945946,289.2857142857143,32.0,32.0,1.0,1.0
163,2025-01-12,Raptors,Nets,106,76,home_win,20,46,11,33,21,24,47,16,12,14,29,8,20,15,20,50,29,13,8.0,-2.0,106.33333333333333,82.66666666666667,1.0,108.4,73.8,1.0,103.5,81.2,0.8,76.0,91.66666666666667,0.3333333333333333,72.8,88.2,0.2,74.4,81.8,0.3,Nets_vs_Raptors,1.0,0.0,30,-30,230.43478260869566,262.0689655172414,33.0,34.0,1.0,1.0
164,2025-01-17,Bucks,Nuggets,68,81,away_win,12,26,7,21,13,15,38,30,14,15,33,8,19,16,22,56,26,13,-2.0,1.0,62.333333333333336,63.333333333333336,0.3333333333333333,62.4,76.0,0.2,57.1,78.5,0.1,85.33333333333333,86.33333333333333,0.3333333333333333,90.6,77.8,0.6,87.1,83.0,0.4,Bucks_vs_Nuggets,0.0,1.0,-13,13,261.53846153846155,245.45454545454547,35.0,40.0,1.0,1.0
165,2025-01-20,76ers,Bucks,72,50,home_win,13,31,7,18,14,16,46,25,12,9,22,5,14,10,12,40,25,15,1.0,-3.0,85.66666666666667,89.66666666666667,0.3333333333333333,79.4,82.4,0.4,75.7,76.6,0.6,54.333333333333336,76.66666666666667,0.0,59.8,69.2,0.2,58.2,78.2,0.1,76ers_vs_Bucks,1.0,0.0,22,-22,232.25806451612905,227.27272727272728,34.0,36.0,1.0,1.0
166,2025-01-23,76ers,Raptors,94,98,away_win,17,39,10,24,18,23,46,25,13,18,39,10,24,19,24,43,31,12,-1.0,9.0,85.66666666666667,84.0,0.3333333333333333,83.8,91.2,0.2,79.0,82.2,0.5,104.33333333333333,83.66666666666667,1.0,106.8,80.0,1.0,105.5,81.0,0.9,76ers_vs_Raptors,0.2857142857142857,0.7142857142857143,-4,4,241.02564102564102,251.28205128205127,35.0,34.0,1.0,1.0
167,2025-01-23,Nets,Trail Blazers,72,76,away_win,13,28,7,18,14,17,47,28,15,14,33,8,19,15,21,33,22,17,-3.0,2.0,72.0,96.33333333333333,0.0,73.4,89.2,0.2,74.1,80.9,0.3,71.33333333333333,61.0,0.6666666666666666,74.2,75.2,0.4,78.4,77.8,0.6,Nets_vs_Trail Blazers,0.5,0.5,-4,4,257.14285714285717,230.3030303030303,35.0,18.0,1.0,1.0
168,2025-01-25,Nets,Jazz,90,101,away_win,17,41,9,26,18,21,38,24,14,19,41,10,29,20,28,42,28,9,-4.0,15.0,79.33333333333333,94.33333333333333,0.0,78.0,90.4,0.2,75.6,83.1,0.3,97.33333333333333,88.33333333333333,1.0,96.0,80.8,1.0,91.6,75.2,1.0,Jazz_vs_Nets,0.16666666666666663,0.8333333333333334,-11,11,219.51219512195124,246.34146341463415,36.0,38.0,1.0,1.0
169,2025-01-26,Nuggets,Bucks,66,76,away_win,12,23,7,18,13,16,45,28,8,14,29,8,22,15,18,42,24,10,-1.0,1.0,80.0,80.66666666666667,0.3333333333333333,85.8,80.6,0.4,85.4,81.3,0.4,64.66666666666667,73.0,0.3333333333333333,62.6,65.6,0.4,59.9,75.9,0.2,Bucks_vs_Nuggets,0.75,0.25,-10,10,286.95652173913044,262.0689655172414,41.0,37.0,1.0,1.0
170,2025-01-30,Nets,76ers,75,78,away_win,14,26,8,19,15,18,40,25,10,14,28,8,20,15,20,40,25,13,-5.0,1.0,79.0,85.0,0.0,76.2,93.6,0.0,76.1,84.5,0.2,81.33333333333333,74.33333333333333,0.6666666666666666,85.8,88.4,0.4,79.5,79.6,0.6,76ers_vs_Nets,0.33333333333333337,0.6666666666666666,-3,3,288.46153846153845,278.57142857142856,37.0,36.0,1.0,1.0
171,2025-01-31,Raptors,Jazz,101,70,home_win,19,40,10,29,20,24,48,22,8,13,29,7,21,14,18,43,25,19,10.0,-1.0,101.66666666666667,80.0,1.0,103.6,82.4,1.0,106.4,78.3,1.0,89.66666666666667,94.66666666666667,0.6666666666666666,91.0,87.6,0.8,89.5,78.9,0.9,Jazz_vs_Raptors,0.6666666666666667,0.3333333333333333,31,-31,252.5,241.3793103448276,35.0,39.0,1.0,1.0
172,2025-02-01,76ers,Raptors,66,103,away_win,12,27,7,17,13,18,41,24,12,19,47,10,23,20,27,43,21,13,-1.0,11.0,79.33333333333333,92.0,0.3333333333333333,80.2,86.0,0.4,79.8,84.1,0.5,100.66666666666667,76.66666666666667,1.0,103.4,77.4,1.0,106.3,75.8,1.0,76ers_vs_Raptors,0.25,0.75,-37,37,244.44444444444446,219.14893617021275,37.0,36.0,1.0,1.0
173,2025-02-03,Jazz,Nets,90,78,home_win,17,38,9,25,18,23,43,25,11,14,27,8,19,15,19,40,25,11,1.0,-6.0,87.0,89.66666666666667,0.6666666666666666,90.4,88.8,0.8,90.1,78.6,0.9,81.0,89.66666666666667,0.0,78.2,90.2,0.0,75.0,87.6,0.1,Jazz_vs_Nets,0.8571428571428571,0.1428571428571429,12,-12,236.84210526315786,288.88888888888886,40.0,38.0,1.0,1.0
174,2025-02-03,Jazz,76ers,98,66,home_win,18,44,10,27,19,25,45,26,13,12,25,7,19,13,16,38,26,13,2.0,-2.0,86.0,81.66666666666667,0.6666666666666666,91.4,85.6,0.8,92.6,79.4,0.9,70.0,92.0,0.3333333333333333,75.2,84.8,0.4,76.7,84.7,0.4,76ers_vs_Jazz,0.8,0.2,32,-32,222.72727272727272,264.0,41.0,38.0,1.0,1.0
175,2025-02-05,76ers,Bucks,92,48,home_win,17,38,9,25,18,24,45,25,14,9,16,5,14,9,12,39,25,10,1.0,-1.0,74.66666666666667,83.0,0.3333333333333333,79.2,84.4,0.4,79.3,83.4,0.4,58.0,76.66666666666667,0.3333333333333333,57.4,77.6,0.2,58.9,77.8,0.2,76ers_vs_Bucks,1.0,0.0,44,-44,242.10526315789474,300.0,39.0,38.0,1.0,1.0
176,2025-02-12,Trail Blazers,Thunder,77,57,home_win,14,29,8,23,15,18,42,32,14,10,23,6,16,11,14,51,20,20,3.0,-5.0,76.66666666666667,58.0,1.0,76.4,68.8,0.6,77.7,77.1,0.6,65.66666666666667,82.33333333333333,0.0,57.4,87.6,0.0,63.5,81.3,0.3,Thunder_vs_Trail Blazers,0.75,0.25,20,-20,265.51724137931035,247.82608695652172,19.0,33.0,1.0,1.0
177,2025-02-12,Raptors,Celtics,110,103,home_win,20,45,11,29,22,27,46,21,12,19,40,10,29,20,24,50,24,13,12.0,-1.0,104.66666666666667,79.66666666666667,1.0,103.6,81.8,1.0,105.8,77.3,1.0,78.66666666666667,87.33333333333333,0.3333333333333333,73.2,84.0,0.2,76.2,79.2,0.4,Celtics_vs_Raptors,0.875,0.125,7,-7,244.44444444444446,257.5,37.0,37.0,1.0,1.0
178,2025-02-13,Raptors,Trail Blazers,111,73,home_win,21,46,11,28,22,27,45,25,11,13,26,7,20,14,19,40,19,13,13.0,-1.0,108.0,80.66666666666667,1.0,104.6,81.2,1.0,106.5,77.5,1.0,75.33333333333333,80.0,0.6666666666666666,72.8,70.2,0.6,78.0,82.2,0.5,Raptors_vs_Trail Blazers,0.5,0.5,38,-38,241.30434782608697,280.7692307692308,38.0,20.0,1.0,1.0
179,2025-02-14,Nets,Trail Blazers,91,85,home_win,17,35,9,22,18,21,47,25,14,16,32,9,25,17,21,33,25,13,1.0,-2.0,81.33333333333333,84.33333333333333,0.3333333333333333,81.2,86.0,0.2,77.0,87.1,0.2,78.33333333333333,86.33333333333333,0.3333333333333333,77.6,75.2,0.6,80.4,81.2,0.5,Nets_vs_Trail Blazers,0.6,0.4,6,-6,260.0,265.625,39.0,21.0,1.0,1.0
180,2025-02-16,76ers,Celtics,93,88,home_win,17,31,9,28,18,24,50,28,8,16,36,9,25,17,21,52,19,16,2.0,-2.0,83.66666666666667,78.0,0.6666666666666666,79.0,82.4,0.6,81.4,86.8,0.4,84.0,87.33333333333333,0.3333333333333333,77.2,89.0,0.2,78.6,79.4,0.4,76ers_vs_Celtics,1.0,0.0,5,-5,300.0,244.44444444444446,40.0,38.0,1.0,1.0
181,2025-02-16,Nets,76ers,95,67,home_win,18,34,10,31,19,25,44,26,14,12,28,7,17,13,17,42,35,11,2.0,-1.0,88.0,80.66666666666667,0.6666666666666666,85.8,84.2,0.4,79.6,86.7,0.3,84.0,77.0,0.6666666666666666,76.8,86.4,0.4,81.3,87.4,0.4,76ers_vs_Nets,0.5,0.5,28,-28,279.4117647058823,239.28571428571428,40.0,41.0,1.0,1.0
182,2025-02-23,Jazz,Rockets,82,79,home_win,15,35,8,21,16,19,50,19,19,15,27,8,21,15,17,45,19,11,3.0,-2.0,90.0,74.33333333333333,1.0,88.2,82.8,0.8,91.9,80.5,0.9,90.33333333333333,91.66666666666667,0.3333333333333333,88.6,83.0,0.6,84.0,75.4,0.6,Jazz_vs_Rockets,0.8571428571428571,0.1428571428571429,3,-3,234.2857142857143,292.5925925925926,42.0,32.0,1.0,1.0
183,2025-02-25,Celtics,Rockets,99,90,home_win,18,35,10,24,19,23,41,28,13,17,33,9,24,18,22,35,25,13,1.0,-3.0,96.66666666666667,97.66666666666667,0.3333333333333333,84.6,89.0,0.4,79.8,83.2,0.4,82.0,93.33333333333333,0.0,89.2,88.4,0.4,84.3,78.6,0.5,Celtics_vs_Rockets,0.4,0.6,9,-9,282.8571428571429,272.7272727272727,39.0,33.0,1.0,1.0
184,2025-02-25,Nuggets,Thunder,94,68,home_win,17,31,10,30,18,24,35,30,11,12,25,7,21,13,15,44,17,15,1.0,-6.0,80.33333333333333,70.66666666666667,0.6666666666666666,83.2,80.6,0.4,86.7,79.7,0.5,68.66666666666667,93.33333333333333,0.0,64.6,91.6,0.0,63.5,82.2,0.3,Nuggets_vs_Thunder,1.0,0.0,26,-26,303.2258064516129,272.0,42.0,34.0,1.0,1.0
186,2025-03-01,Jazz,Thunder,103,57,home_win,19,40,10,29,20,25,43,30,7,10,24,6,18,11,15,49,29,11,4.0,-7.0,94.33333333333333,67.33333333333333,1.0,88.6,76.2,0.8,92.3,78.5,0.9,60.666666666666664,91.33333333333333,0.0,64.4,88.8,0.0,60.3,85.9,0.2,Jazz_vs_Thunder,0.5,0.5,46,-46,257.5,237.5,43.0,35.0,1.0,1.0
185,2025-03-01,Nuggets,Celtics,89,63,home_win,16,33,9,21,17,22,47,28,18,11,24,6,18,12,16,49,19,12,2.0,-1.0,83.0,69.0,0.6666666666666666,84.6,74.6,0.6,86.6,78.9,0.5,83.33333333333333,90.66666666666667,0.3333333333333333,82.8,88.2,0.4,76.5,87.2,0.3,Celtics_vs_Nuggets,0.7142857142857143,0.2857142857142857,26,-26,269.6969696969697,262.5,43.0,40.0,1.0,1.0
187,2025-03-02,Raptors,76ers,96,66,home_win,18,37,10,24,19,26,44,20,13,12,28,7,20,13,16,41,26,12,14.0,-2.0,105.66666666666667,80.66666666666667,1.0,104.2,75.6,1.0,105.5,77.8,1.0,75.33333333333333,93.0,0.3333333333333333,76.8,85.0,0.4,78.5,85.5,0.4,76ers_vs_Raptors,0.7777777777777778,0.2222222222222222,30,-30,259.4594594594595,235.71428571428572,39.0,42.0,1.0,1.0
188,2025-03-02,Jazz,Bucks,100,57,home_win,19,41,10,29,20,26,46,33,15,10,22,6,17,11,13,51,22,15,5.0,-2.0,95.0,64.33333333333333,1.0,94.6,67.4,1.0,92.8,77.5,0.9,60.333333333333336,86.0,0.3333333333333333,59.8,82.2,0.2,59.2,80.6,0.2,Bucks_vs_Jazz,1.0,0.0,43,-43,243.90243902439025,259.09090909090907,44.0,39.0,1.0,1.0
189,2025-03-03,Raptors,Jazz,122,67,home_win,23,44,13,35,24,34,45,17,15,12,25,7,16,13,15,41,28,9,15.0,-1.0,109.66666666666667,68.66666666666667,1.0,108.4,75.0,1.0,106.0,78.7,1.0,90.0,78.66666666666667,0.6666666666666666,90.0,76.2,0.8,90.2,82.5,0.8,Jazz_vs_Raptors,0.75,0.25,55,-55,277.2727272727273,268.0,40.0,45.0,1.0,1.0
190,2025-03-03,76ers,Bucks,77,39,home_win,14,27,8,19,15,19,44,23,13,7,13,4,11,7,9,35,26,13,1.0,-3.0,70.0,76.66666666666667,0.3333333333333333,79.0,73.2,0.6,77.1,79.0,0.5,48.0,89.66666666666667,0.0,54.0,81.4,0.2,58.2,78.7,0.2,76ers_vs_Bucks,1.0,0.0,38,-38,285.18518518518516,300.0,43.0,40.0,1.0,1.0
191,2025-03-05,Raptors,Jazz,109,93,home_win,20,45,11,29,21,26,46,26,17,17,32,9,25,18,25,40,18,12,16.0,-2.0,109.0,75.33333333333333,1.0,109.6,80.4,1.0,106.5,78.9,1.0,86.66666666666667,96.0,0.3333333333333333,89.0,84.8,0.6,90.2,85.2,0.7,Jazz_vs_Raptors,0.8,0.2,16,-16,242.2222222222222,290.625,41.0,46.0,1.0,1.0
192,2025-03-06,Nuggets,Bucks,82,50,home_win,15,31,8,23,16,22,47,24,8,9,16,5,14,10,11,46,27,12,3.0,-4.0,88.33333333333333,60.333333333333336,1.0,82.4,65.0,0.8,86.0,72.4,0.6,48.666666666666664,86.33333333333333,0.0,54.0,83.4,0.2,56.9,76.3,0.2,Bucks_vs_Nuggets,0.8,0.2,32,-32,264.51612903225805,312.5,44.0,41.0,1.0,1.0
193,2025-03-08,76ers,Nuggets,80,65,home_win,15,34,8,19,16,18,48,28,13,12,26,6,15,13,18,33,29,6,2.0,-1.0,74.33333333333333,66.66666666666667,0.6666666666666666,76.6,76.6,0.6,77.9,80.5,0.5,78.66666666666667,64.33333333333333,0.6666666666666666,79.2,67.4,0.6,84.9,72.6,0.6,76ers_vs_Nuggets,0.4,0.6,15,-15,235.29411764705884,250.0,44.0,45.0,1.0,1.0
194,2025-03-09,Nets,Nuggets,95,85,home_win,18,40,10,29,19,26,46,27,13,16,34,9,27,17,20,53,23,12,3.0,-2.0,93.66666666666667,79.0,1.0,86.8,81.0,0.6,82.4,85.7,0.4,77.33333333333333,75.0,0.3333333333333333,83.0,71.2,0.6,84.4,75.9,0.5,Nets_vs_Nuggets,0.125,0.875,10,-10,237.5,250.0,41.0,46.0,1.0,1.0
196,2025-03-16,Jazz,Rockets,104,106,away_win,19,46,11,27,20,28,35,23,9,20,40,11,26,21,25,53,19,10,-3.0,1.0,88.0,112.33333333333333,0.0,93.4,90.2,0.4,90.8,86.5,0.6,91.66666666666667,95.0,0.3333333333333333,93.4,95.6,0.4,86.8,77.9,0.6,Jazz_vs_Rockets,0.75,0.25,-2,2,226.08695652173913,265.0,47.0,34.0,1.0,1.0
195,2025-03-16,Bucks,Nuggets,53,85,away_win,10,21,5,11,10,12,41,28,15,16,34,9,26,17,22,51,25,14,-5.0,1.0,47.333333333333336,81.33333333333333,0.0,49.4,87.2,0.0,56.0,76.4,0.2,78.33333333333333,76.0,0.3333333333333333,81.2,68.2,0.6,82.2,74.4,0.5,Bucks_vs_Nuggets,0.16666666666666666,0.8333333333333334,-32,32,252.38095238095238,250.0,42.0,47.0,1.0,1.0
197,2025-03-17,Raptors,Bucks,102,40,home_win,19,39,10,29,20,28,45,27,18,7,14,4,10,8,10,51,19,14,18.0,-6.0,111.0,66.66666666666667,1.0,108.0,67.8,1.0,105.8,74.8,1.0,47.666666666666664,89.66666666666667,0.0,47.8,89.2,0.0,52.6,83.4,0.1,Bucks_vs_Raptors,1.0,0.0,62,-62,261.53846153846155,285.7142857142857,42.0,43.0,1.0,1.0
198,2025-03-17,Raptors,Celtics,125,57,home_win,23,48,13,40,25,33,44,20,16,10,22,6,16,11,13,42,23,20,17.0,-2.0,112.0,63.333333333333336,1.0,110.8,64.6,1.0,107.7,72.9,1.0,60.666666666666664,102.33333333333333,0.0,73.8,98.0,0.2,73.5,91.0,0.2,Celtics_vs_Raptors,0.8888888888888888,0.1111111111111111,68,-68,260.41666666666663,259.09090909090907,43.0,41.0,1.0,1.0
199,2025-03-17,Jazz,Celtics,93,62,home_win,17,37,9,22,18,24,39,26,10,11,22,6,15,12,16,41,21,7,1.0,-3.0,96.66666666666667,92.33333333333333,0.3333333333333333,91.4,91.2,0.4,90.0,83.7,0.6,74.66666666666667,90.66666666666667,0.3333333333333333,83.0,95.0,0.2,75.6,86.1,0.3,Celtics_vs_Jazz,0.6666666666666667,0.3333333333333333,31,-31,251.35135135135135,281.8181818181818,48.0,42.0,1.0,1.0
200,2025-03-21,Trail Blazers,Thunder,87,74,home_win,16,32,9,25,17,22,38,20,19,14,34,7,18,14,16,38,19,15,1.0,-8.0,81.66666666666667,92.0,0.3333333333333333,79.6,81.0,0.6,78.9,78.7,0.5,66.33333333333333,94.66666666666667,0.0,67.4,94.0,0.0,62.5,85.9,0.2,Thunder_vs_Trail Blazers,0.8,0.2,13,-13,271.875,217.6470588235294,22.0,36.0,1.0,1.0
